id,sample,order,control,payload
P1__A__stereo__impulse_center__static__44100__64__0p5__0p5__pre__none,0,0,initial_free,0.250
P1__A__stereo__impulse_center__static__44100__64__0p5__0p5__pre__none,0,1,initial_sync_division,1
P1__A__stereo__impulse_center__static__44100__64__0p5__0p5__pre__none,0,2,initial_bpm,120
P1__A__stereo__impulse_center__static__44100__64__0p5__0p5__pre__none,0,3,initial_style,A
P1__A__stereo__impulse_center__static__44100__64__0p5__0p5__pre__none,0,4,initial_route,stereo
P1__A__stereo__impulse_center__static__48000__64__0p5__0p5__pre__none,0,0,initial_free,0.250
P1__A__stereo__impulse_center__static__48000__64__0p5__0p5__pre__none,0,1,initial_sync_division,1
P1__A__stereo__impulse_center__static__48000__64__0p5__0p5__pre__none,0,2,initial_bpm,120
P1__A__stereo__impulse_center__static__48000__64__0p5__0p5__pre__none,0,3,initial_style,A
P1__A__stereo__impulse_center__static__48000__64__0p5__0p5__pre__none,0,4,initial_route,stereo
P1__A__stereo__impulse_center__static__96000__64__0p5__0p5__pre__none,0,0,initial_free,0.250
P1__A__stereo__impulse_center__static__96000__64__0p5__0p5__pre__none,0,1,initial_sync_division,1
P1__A__stereo__impulse_center__static__96000__64__0p5__0p5__pre__none,0,2,initial_bpm,120
P1__A__stereo__impulse_center__static__96000__64__0p5__0p5__pre__none,0,3,initial_style,A
P1__A__stereo__impulse_center__static__96000__64__0p5__0p5__pre__none,0,4,initial_route,stereo
P1__A__pingpong__impulse_center__static__44100__64__0p5__0p5__pre__none,0,0,initial_free,0.250
P1__A__pingpong__impulse_center__static__44100__64__0p5__0p5__pre__none,0,1,initial_sync_division,1
P1__A__pingpong__impulse_center__static__44100__64__0p5__0p5__pre__none,0,2,initial_bpm,120
P1__A__pingpong__impulse_center__static__44100__64__0p5__0p5__pre__none,0,3,initial_style,A
P1__A__pingpong__impulse_center__static__44100__64__0p5__0p5__pre__none,0,4,initial_route,pingpong
P1__A__pingpong__impulse_center__static__48000__64__0p5__0p5__pre__none,0,0,initial_free,0.250
P1__A__pingpong__impulse_center__static__48000__64__0p5__0p5__pre__none,0,1,initial_sync_division,1
P1__A__pingpong__impulse_center__static__48000__64__0p5__0p5__pre__none,0,2,initial_bpm,120
P1__A__pingpong__impulse_center__static__48000__64__0p5__0p5__pre__none,0,3,initial_style,A
P1__A__pingpong__impulse_center__static__48000__64__0p5__0p5__pre__none,0,4,initial_route,pingpong
P1__A__pingpong__impulse_center__static__96000__64__0p5__0p5__pre__none,0,0,initial_free,0.250
P1__A__pingpong__impulse_center__static__96000__64__0p5__0p5__pre__none,0,1,initial_sync_division,1
P1__A__pingpong__impulse_center__static__96000__64__0p5__0p5__pre__none,0,2,initial_bpm,120
P1__A__pingpong__impulse_center__static__96000__64__0p5__0p5__pre__none,0,3,initial_style,A
P1__A__pingpong__impulse_center__static__96000__64__0p5__0p5__pre__none,0,4,initial_route,pingpong
P1__A__stereo__impulse_center__static__44100__64__0p5__0p5__post__none,0,0,initial_free,0.250
P1__A__stereo__impulse_center__static__44100__64__0p5__0p5__post__none,0,1,initial_sync_division,1
P1__A__stereo__impulse_center__static__44100__64__0p5__0p5__post__none,0,2,initial_bpm,120
P1__A__stereo__impulse_center__static__44100__64__0p5__0p5__post__none,0,3,initial_style,A
P1__A__stereo__impulse_center__static__44100__64__0p5__0p5__post__none,0,4,initial_route,stereo
P1__A__stereo__impulse_center__static__48000__64__0p5__0p5__post__none,0,0,initial_free,0.250
P1__A__stereo__impulse_center__static__48000__64__0p5__0p5__post__none,0,1,initial_sync_division,1
P1__A__stereo__impulse_center__static__48000__64__0p5__0p5__post__none,0,2,initial_bpm,120
P1__A__stereo__impulse_center__static__48000__64__0p5__0p5__post__none,0,3,initial_style,A
P1__A__stereo__impulse_center__static__48000__64__0p5__0p5__post__none,0,4,initial_route,stereo
P1__A__stereo__impulse_center__static__96000__64__0p5__0p5__post__none,0,0,initial_free,0.250
P1__A__stereo__impulse_center__static__96000__64__0p5__0p5__post__none,0,1,initial_sync_division,1
P1__A__stereo__impulse_center__static__96000__64__0p5__0p5__post__none,0,2,initial_bpm,120
P1__A__stereo__impulse_center__static__96000__64__0p5__0p5__post__none,0,3,initial_style,A
P1__A__stereo__impulse_center__static__96000__64__0p5__0p5__post__none,0,4,initial_route,stereo
P1__A__pingpong__impulse_center__static__44100__64__0p5__0p5__post__none,0,0,initial_free,0.250
P1__A__pingpong__impulse_center__static__44100__64__0p5__0p5__post__none,0,1,initial_sync_division,1
P1__A__pingpong__impulse_center__static__44100__64__0p5__0p5__post__none,0,2,initial_bpm,120
P1__A__pingpong__impulse_center__static__44100__64__0p5__0p5__post__none,0,3,initial_style,A
P1__A__pingpong__impulse_center__static__44100__64__0p5__0p5__post__none,0,4,initial_route,pingpong
P1__A__pingpong__impulse_center__static__48000__64__0p5__0p5__post__none,0,0,initial_free,0.250
P1__A__pingpong__impulse_center__static__48000__64__0p5__0p5__post__none,0,1,initial_sync_division,1
P1__A__pingpong__impulse_center__static__48000__64__0p5__0p5__post__none,0,2,initial_bpm,120
P1__A__pingpong__impulse_center__static__48000__64__0p5__0p5__post__none,0,3,initial_style,A
P1__A__pingpong__impulse_center__static__48000__64__0p5__0p5__post__none,0,4,initial_route,pingpong
P1__A__pingpong__impulse_center__static__96000__64__0p5__0p5__post__none,0,0,initial_free,0.250
P1__A__pingpong__impulse_center__static__96000__64__0p5__0p5__post__none,0,1,initial_sync_division,1
P1__A__pingpong__impulse_center__static__96000__64__0p5__0p5__post__none,0,2,initial_bpm,120
P1__A__pingpong__impulse_center__static__96000__64__0p5__0p5__post__none,0,3,initial_style,A
P1__A__pingpong__impulse_center__static__96000__64__0p5__0p5__post__none,0,4,initial_route,pingpong
P1__A__stereo__impulse_left__static__44100__64__0p5__0p5__pre__none,0,0,initial_free,0.250
P1__A__stereo__impulse_left__static__44100__64__0p5__0p5__pre__none,0,1,initial_sync_division,1
P1__A__stereo__impulse_left__static__44100__64__0p5__0p5__pre__none,0,2,initial_bpm,120
P1__A__stereo__impulse_left__static__44100__64__0p5__0p5__pre__none,0,3,initial_style,A
P1__A__stereo__impulse_left__static__44100__64__0p5__0p5__pre__none,0,4,initial_route,stereo
P1__A__stereo__impulse_left__static__48000__64__0p5__0p5__pre__none,0,0,initial_free,0.250
P1__A__stereo__impulse_left__static__48000__64__0p5__0p5__pre__none,0,1,initial_sync_division,1
P1__A__stereo__impulse_left__static__48000__64__0p5__0p5__pre__none,0,2,initial_bpm,120
P1__A__stereo__impulse_left__static__48000__64__0p5__0p5__pre__none,0,3,initial_style,A
P1__A__stereo__impulse_left__static__48000__64__0p5__0p5__pre__none,0,4,initial_route,stereo
P1__A__stereo__impulse_left__static__96000__64__0p5__0p5__pre__none,0,0,initial_free,0.250
P1__A__stereo__impulse_left__static__96000__64__0p5__0p5__pre__none,0,1,initial_sync_division,1
P1__A__stereo__impulse_left__static__96000__64__0p5__0p5__pre__none,0,2,initial_bpm,120
P1__A__stereo__impulse_left__static__96000__64__0p5__0p5__pre__none,0,3,initial_style,A
P1__A__stereo__impulse_left__static__96000__64__0p5__0p5__pre__none,0,4,initial_route,stereo
P1__A__pingpong__impulse_left__static__44100__64__0p5__0p5__pre__none,0,0,initial_free,0.250
P1__A__pingpong__impulse_left__static__44100__64__0p5__0p5__pre__none,0,1,initial_sync_division,1
P1__A__pingpong__impulse_left__static__44100__64__0p5__0p5__pre__none,0,2,initial_bpm,120
P1__A__pingpong__impulse_left__static__44100__64__0p5__0p5__pre__none,0,3,initial_style,A
P1__A__pingpong__impulse_left__static__44100__64__0p5__0p5__pre__none,0,4,initial_route,pingpong
P1__A__pingpong__impulse_left__static__48000__64__0p5__0p5__pre__none,0,0,initial_free,0.250
P1__A__pingpong__impulse_left__static__48000__64__0p5__0p5__pre__none,0,1,initial_sync_division,1
P1__A__pingpong__impulse_left__static__48000__64__0p5__0p5__pre__none,0,2,initial_bpm,120
P1__A__pingpong__impulse_left__static__48000__64__0p5__0p5__pre__none,0,3,initial_style,A
P1__A__pingpong__impulse_left__static__48000__64__0p5__0p5__pre__none,0,4,initial_route,pingpong
P1__A__pingpong__impulse_left__static__96000__64__0p5__0p5__pre__none,0,0,initial_free,0.250
P1__A__pingpong__impulse_left__static__96000__64__0p5__0p5__pre__none,0,1,initial_sync_division,1
P1__A__pingpong__impulse_left__static__96000__64__0p5__0p5__pre__none,0,2,initial_bpm,120
P1__A__pingpong__impulse_left__static__96000__64__0p5__0p5__pre__none,0,3,initial_style,A
P1__A__pingpong__impulse_left__static__96000__64__0p5__0p5__pre__none,0,4,initial_route,pingpong
P1__A__stereo__impulse_left__static__44100__64__0p5__0p5__post__none,0,0,initial_free,0.250
P1__A__stereo__impulse_left__static__44100__64__0p5__0p5__post__none,0,1,initial_sync_division,1
P1__A__stereo__impulse_left__static__44100__64__0p5__0p5__post__none,0,2,initial_bpm,120
P1__A__stereo__impulse_left__static__44100__64__0p5__0p5__post__none,0,3,initial_style,A
P1__A__stereo__impulse_left__static__44100__64__0p5__0p5__post__none,0,4,initial_route,stereo
P1__A__stereo__impulse_left__static__48000__64__0p5__0p5__post__none,0,0,initial_free,0.250
P1__A__stereo__impulse_left__static__48000__64__0p5__0p5__post__none,0,1,initial_sync_division,1
P1__A__stereo__impulse_left__static__48000__64__0p5__0p5__post__none,0,2,initial_bpm,120
P1__A__stereo__impulse_left__static__48000__64__0p5__0p5__post__none,0,3,initial_style,A
P1__A__stereo__impulse_left__static__48000__64__0p5__0p5__post__none,0,4,initial_route,stereo
P1__A__stereo__impulse_left__static__96000__64__0p5__0p5__post__none,0,0,initial_free,0.250
P1__A__stereo__impulse_left__static__96000__64__0p5__0p5__post__none,0,1,initial_sync_division,1
P1__A__stereo__impulse_left__static__96000__64__0p5__0p5__post__none,0,2,initial_bpm,120
P1__A__stereo__impulse_left__static__96000__64__0p5__0p5__post__none,0,3,initial_style,A
P1__A__stereo__impulse_left__static__96000__64__0p5__0p5__post__none,0,4,initial_route,stereo
P1__A__pingpong__impulse_left__static__44100__64__0p5__0p5__post__none,0,0,initial_free,0.250
P1__A__pingpong__impulse_left__static__44100__64__0p5__0p5__post__none,0,1,initial_sync_division,1
P1__A__pingpong__impulse_left__static__44100__64__0p5__0p5__post__none,0,2,initial_bpm,120
P1__A__pingpong__impulse_left__static__44100__64__0p5__0p5__post__none,0,3,initial_style,A
P1__A__pingpong__impulse_left__static__44100__64__0p5__0p5__post__none,0,4,initial_route,pingpong
P1__A__pingpong__impulse_left__static__48000__64__0p5__0p5__post__none,0,0,initial_free,0.250
P1__A__pingpong__impulse_left__static__48000__64__0p5__0p5__post__none,0,1,initial_sync_division,1
P1__A__pingpong__impulse_left__static__48000__64__0p5__0p5__post__none,0,2,initial_bpm,120
P1__A__pingpong__impulse_left__static__48000__64__0p5__0p5__post__none,0,3,initial_style,A
P1__A__pingpong__impulse_left__static__48000__64__0p5__0p5__post__none,0,4,initial_route,pingpong
P1__A__pingpong__impulse_left__static__96000__64__0p5__0p5__post__none,0,0,initial_free,0.250
P1__A__pingpong__impulse_left__static__96000__64__0p5__0p5__post__none,0,1,initial_sync_division,1
P1__A__pingpong__impulse_left__static__96000__64__0p5__0p5__post__none,0,2,initial_bpm,120
P1__A__pingpong__impulse_left__static__96000__64__0p5__0p5__post__none,0,3,initial_style,A
P1__A__pingpong__impulse_left__static__96000__64__0p5__0p5__post__none,0,4,initial_route,pingpong
P1__A__stereo__impulse_right__static__44100__64__0p5__0p5__pre__none,0,0,initial_free,0.250
P1__A__stereo__impulse_right__static__44100__64__0p5__0p5__pre__none,0,1,initial_sync_division,1
P1__A__stereo__impulse_right__static__44100__64__0p5__0p5__pre__none,0,2,initial_bpm,120
P1__A__stereo__impulse_right__static__44100__64__0p5__0p5__pre__none,0,3,initial_style,A
P1__A__stereo__impulse_right__static__44100__64__0p5__0p5__pre__none,0,4,initial_route,stereo
P1__A__stereo__impulse_right__static__48000__64__0p5__0p5__pre__none,0,0,initial_free,0.250
P1__A__stereo__impulse_right__static__48000__64__0p5__0p5__pre__none,0,1,initial_sync_division,1
P1__A__stereo__impulse_right__static__48000__64__0p5__0p5__pre__none,0,2,initial_bpm,120
P1__A__stereo__impulse_right__static__48000__64__0p5__0p5__pre__none,0,3,initial_style,A
P1__A__stereo__impulse_right__static__48000__64__0p5__0p5__pre__none,0,4,initial_route,stereo
P1__A__stereo__impulse_right__static__96000__64__0p5__0p5__pre__none,0,0,initial_free,0.250
P1__A__stereo__impulse_right__static__96000__64__0p5__0p5__pre__none,0,1,initial_sync_division,1
P1__A__stereo__impulse_right__static__96000__64__0p5__0p5__pre__none,0,2,initial_bpm,120
P1__A__stereo__impulse_right__static__96000__64__0p5__0p5__pre__none,0,3,initial_style,A
P1__A__stereo__impulse_right__static__96000__64__0p5__0p5__pre__none,0,4,initial_route,stereo
P1__A__pingpong__impulse_right__static__44100__64__0p5__0p5__pre__none,0,0,initial_free,0.250
P1__A__pingpong__impulse_right__static__44100__64__0p5__0p5__pre__none,0,1,initial_sync_division,1
P1__A__pingpong__impulse_right__static__44100__64__0p5__0p5__pre__none,0,2,initial_bpm,120
P1__A__pingpong__impulse_right__static__44100__64__0p5__0p5__pre__none,0,3,initial_style,A
P1__A__pingpong__impulse_right__static__44100__64__0p5__0p5__pre__none,0,4,initial_route,pingpong
P1__A__pingpong__impulse_right__static__48000__64__0p5__0p5__pre__none,0,0,initial_free,0.250
P1__A__pingpong__impulse_right__static__48000__64__0p5__0p5__pre__none,0,1,initial_sync_division,1
P1__A__pingpong__impulse_right__static__48000__64__0p5__0p5__pre__none,0,2,initial_bpm,120
P1__A__pingpong__impulse_right__static__48000__64__0p5__0p5__pre__none,0,3,initial_style,A
P1__A__pingpong__impulse_right__static__48000__64__0p5__0p5__pre__none,0,4,initial_route,pingpong
P1__A__pingpong__impulse_right__static__96000__64__0p5__0p5__pre__none,0,0,initial_free,0.250
P1__A__pingpong__impulse_right__static__96000__64__0p5__0p5__pre__none,0,1,initial_sync_division,1
P1__A__pingpong__impulse_right__static__96000__64__0p5__0p5__pre__none,0,2,initial_bpm,120
P1__A__pingpong__impulse_right__static__96000__64__0p5__0p5__pre__none,0,3,initial_style,A
P1__A__pingpong__impulse_right__static__96000__64__0p5__0p5__pre__none,0,4,initial_route,pingpong
P1__A__stereo__impulse_right__static__44100__64__0p5__0p5__post__none,0,0,initial_free,0.250
P1__A__stereo__impulse_right__static__44100__64__0p5__0p5__post__none,0,1,initial_sync_division,1
P1__A__stereo__impulse_right__static__44100__64__0p5__0p5__post__none,0,2,initial_bpm,120
P1__A__stereo__impulse_right__static__44100__64__0p5__0p5__post__none,0,3,initial_style,A
P1__A__stereo__impulse_right__static__44100__64__0p5__0p5__post__none,0,4,initial_route,stereo
P1__A__stereo__impulse_right__static__48000__64__0p5__0p5__post__none,0,0,initial_free,0.250
P1__A__stereo__impulse_right__static__48000__64__0p5__0p5__post__none,0,1,initial_sync_division,1
P1__A__stereo__impulse_right__static__48000__64__0p5__0p5__post__none,0,2,initial_bpm,120
P1__A__stereo__impulse_right__static__48000__64__0p5__0p5__post__none,0,3,initial_style,A
P1__A__stereo__impulse_right__static__48000__64__0p5__0p5__post__none,0,4,initial_route,stereo
P1__A__stereo__impulse_right__static__96000__64__0p5__0p5__post__none,0,0,initial_free,0.250
P1__A__stereo__impulse_right__static__96000__64__0p5__0p5__post__none,0,1,initial_sync_division,1
P1__A__stereo__impulse_right__static__96000__64__0p5__0p5__post__none,0,2,initial_bpm,120
P1__A__stereo__impulse_right__static__96000__64__0p5__0p5__post__none,0,3,initial_style,A
P1__A__stereo__impulse_right__static__96000__64__0p5__0p5__post__none,0,4,initial_route,stereo
P1__A__pingpong__impulse_right__static__44100__64__0p5__0p5__post__none,0,0,initial_free,0.250
P1__A__pingpong__impulse_right__static__44100__64__0p5__0p5__post__none,0,1,initial_sync_division,1
P1__A__pingpong__impulse_right__static__44100__64__0p5__0p5__post__none,0,2,initial_bpm,120
P1__A__pingpong__impulse_right__static__44100__64__0p5__0p5__post__none,0,3,initial_style,A
P1__A__pingpong__impulse_right__static__44100__64__0p5__0p5__post__none,0,4,initial_route,pingpong
P1__A__pingpong__impulse_right__static__48000__64__0p5__0p5__post__none,0,0,initial_free,0.250
P1__A__pingpong__impulse_right__static__48000__64__0p5__0p5__post__none,0,1,initial_sync_division,1
P1__A__pingpong__impulse_right__static__48000__64__0p5__0p5__post__none,0,2,initial_bpm,120
P1__A__pingpong__impulse_right__static__48000__64__0p5__0p5__post__none,0,3,initial_style,A
P1__A__pingpong__impulse_right__static__48000__64__0p5__0p5__post__none,0,4,initial_route,pingpong
P1__A__pingpong__impulse_right__static__96000__64__0p5__0p5__post__none,0,0,initial_free,0.250
P1__A__pingpong__impulse_right__static__96000__64__0p5__0p5__post__none,0,1,initial_sync_division,1
P1__A__pingpong__impulse_right__static__96000__64__0p5__0p5__post__none,0,2,initial_bpm,120
P1__A__pingpong__impulse_right__static__96000__64__0p5__0p5__post__none,0,3,initial_style,A
P1__A__pingpong__impulse_right__static__96000__64__0p5__0p5__post__none,0,4,initial_route,pingpong
P1__A__stereo__impulse_stereo__static__44100__64__0p5__0p5__pre__none,0,0,initial_free,0.250
P1__A__stereo__impulse_stereo__static__44100__64__0p5__0p5__pre__none,0,1,initial_sync_division,1
P1__A__stereo__impulse_stereo__static__44100__64__0p5__0p5__pre__none,0,2,initial_bpm,120
P1__A__stereo__impulse_stereo__static__44100__64__0p5__0p5__pre__none,0,3,initial_style,A
P1__A__stereo__impulse_stereo__static__44100__64__0p5__0p5__pre__none,0,4,initial_route,stereo
P1__A__stereo__impulse_stereo__static__48000__64__0p5__0p5__pre__none,0,0,initial_free,0.250
P1__A__stereo__impulse_stereo__static__48000__64__0p5__0p5__pre__none,0,1,initial_sync_division,1
P1__A__stereo__impulse_stereo__static__48000__64__0p5__0p5__pre__none,0,2,initial_bpm,120
P1__A__stereo__impulse_stereo__static__48000__64__0p5__0p5__pre__none,0,3,initial_style,A
P1__A__stereo__impulse_stereo__static__48000__64__0p5__0p5__pre__none,0,4,initial_route,stereo
P1__A__stereo__impulse_stereo__static__96000__64__0p5__0p5__pre__none,0,0,initial_free,0.250
P1__A__stereo__impulse_stereo__static__96000__64__0p5__0p5__pre__none,0,1,initial_sync_division,1
P1__A__stereo__impulse_stereo__static__96000__64__0p5__0p5__pre__none,0,2,initial_bpm,120
P1__A__stereo__impulse_stereo__static__96000__64__0p5__0p5__pre__none,0,3,initial_style,A
P1__A__stereo__impulse_stereo__static__96000__64__0p5__0p5__pre__none,0,4,initial_route,stereo
P1__A__pingpong__impulse_stereo__static__44100__64__0p5__0p5__pre__none,0,0,initial_free,0.250
P1__A__pingpong__impulse_stereo__static__44100__64__0p5__0p5__pre__none,0,1,initial_sync_division,1
P1__A__pingpong__impulse_stereo__static__44100__64__0p5__0p5__pre__none,0,2,initial_bpm,120
P1__A__pingpong__impulse_stereo__static__44100__64__0p5__0p5__pre__none,0,3,initial_style,A
P1__A__pingpong__impulse_stereo__static__44100__64__0p5__0p5__pre__none,0,4,initial_route,pingpong
P1__A__pingpong__impulse_stereo__static__48000__64__0p5__0p5__pre__none,0,0,initial_free,0.250
P1__A__pingpong__impulse_stereo__static__48000__64__0p5__0p5__pre__none,0,1,initial_sync_division,1
P1__A__pingpong__impulse_stereo__static__48000__64__0p5__0p5__pre__none,0,2,initial_bpm,120
P1__A__pingpong__impulse_stereo__static__48000__64__0p5__0p5__pre__none,0,3,initial_style,A
P1__A__pingpong__impulse_stereo__static__48000__64__0p5__0p5__pre__none,0,4,initial_route,pingpong
P1__A__pingpong__impulse_stereo__static__96000__64__0p5__0p5__pre__none,0,0,initial_free,0.250
P1__A__pingpong__impulse_stereo__static__96000__64__0p5__0p5__pre__none,0,1,initial_sync_division,1
P1__A__pingpong__impulse_stereo__static__96000__64__0p5__0p5__pre__none,0,2,initial_bpm,120
P1__A__pingpong__impulse_stereo__static__96000__64__0p5__0p5__pre__none,0,3,initial_style,A
P1__A__pingpong__impulse_stereo__static__96000__64__0p5__0p5__pre__none,0,4,initial_route,pingpong
P1__A__stereo__impulse_stereo__static__44100__64__0p5__0p5__post__none,0,0,initial_free,0.250
P1__A__stereo__impulse_stereo__static__44100__64__0p5__0p5__post__none,0,1,initial_sync_division,1
P1__A__stereo__impulse_stereo__static__44100__64__0p5__0p5__post__none,0,2,initial_bpm,120
P1__A__stereo__impulse_stereo__static__44100__64__0p5__0p5__post__none,0,3,initial_style,A
P1__A__stereo__impulse_stereo__static__44100__64__0p5__0p5__post__none,0,4,initial_route,stereo
P1__A__stereo__impulse_stereo__static__48000__64__0p5__0p5__post__none,0,0,initial_free,0.250
P1__A__stereo__impulse_stereo__static__48000__64__0p5__0p5__post__none,0,1,initial_sync_division,1
P1__A__stereo__impulse_stereo__static__48000__64__0p5__0p5__post__none,0,2,initial_bpm,120
P1__A__stereo__impulse_stereo__static__48000__64__0p5__0p5__post__none,0,3,initial_style,A
P1__A__stereo__impulse_stereo__static__48000__64__0p5__0p5__post__none,0,4,initial_route,stereo
P1__A__stereo__impulse_stereo__static__96000__64__0p5__0p5__post__none,0,0,initial_free,0.250
P1__A__stereo__impulse_stereo__static__96000__64__0p5__0p5__post__none,0,1,initial_sync_division,1
P1__A__stereo__impulse_stereo__static__96000__64__0p5__0p5__post__none,0,2,initial_bpm,120
P1__A__stereo__impulse_stereo__static__96000__64__0p5__0p5__post__none,0,3,initial_style,A
P1__A__stereo__impulse_stereo__static__96000__64__0p5__0p5__post__none,0,4,initial_route,stereo
P1__A__pingpong__impulse_stereo__static__44100__64__0p5__0p5__post__none,0,0,initial_free,0.250
P1__A__pingpong__impulse_stereo__static__44100__64__0p5__0p5__post__none,0,1,initial_sync_division,1
P1__A__pingpong__impulse_stereo__static__44100__64__0p5__0p5__post__none,0,2,initial_bpm,120
P1__A__pingpong__impulse_stereo__static__44100__64__0p5__0p5__post__none,0,3,initial_style,A
P1__A__pingpong__impulse_stereo__static__44100__64__0p5__0p5__post__none,0,4,initial_route,pingpong
P1__A__pingpong__impulse_stereo__static__48000__64__0p5__0p5__post__none,0,0,initial_free,0.250
P1__A__pingpong__impulse_stereo__static__48000__64__0p5__0p5__post__none,0,1,initial_sync_division,1
P1__A__pingpong__impulse_stereo__static__48000__64__0p5__0p5__post__none,0,2,initial_bpm,120
P1__A__pingpong__impulse_stereo__static__48000__64__0p5__0p5__post__none,0,3,initial_style,A
P1__A__pingpong__impulse_stereo__static__48000__64__0p5__0p5__post__none,0,4,initial_route,pingpong
P1__A__pingpong__impulse_stereo__static__96000__64__0p5__0p5__post__none,0,0,initial_free,0.250
P1__A__pingpong__impulse_stereo__static__96000__64__0p5__0p5__post__none,0,1,initial_sync_division,1
P1__A__pingpong__impulse_stereo__static__96000__64__0p5__0p5__post__none,0,2,initial_bpm,120
P1__A__pingpong__impulse_stereo__static__96000__64__0p5__0p5__post__none,0,3,initial_style,A
P1__A__pingpong__impulse_stereo__static__96000__64__0p5__0p5__post__none,0,4,initial_route,pingpong
P1__A__stereo__impulse_antiphase__static__44100__64__0p5__0p5__pre__none,0,0,initial_free,0.250
P1__A__stereo__impulse_antiphase__static__44100__64__0p5__0p5__pre__none,0,1,initial_sync_division,1
P1__A__stereo__impulse_antiphase__static__44100__64__0p5__0p5__pre__none,0,2,initial_bpm,120
P1__A__stereo__impulse_antiphase__static__44100__64__0p5__0p5__pre__none,0,3,initial_style,A
P1__A__stereo__impulse_antiphase__static__44100__64__0p5__0p5__pre__none,0,4,initial_route,stereo
P1__A__stereo__impulse_antiphase__static__48000__64__0p5__0p5__pre__none,0,0,initial_free,0.250
P1__A__stereo__impulse_antiphase__static__48000__64__0p5__0p5__pre__none,0,1,initial_sync_division,1
P1__A__stereo__impulse_antiphase__static__48000__64__0p5__0p5__pre__none,0,2,initial_bpm,120
P1__A__stereo__impulse_antiphase__static__48000__64__0p5__0p5__pre__none,0,3,initial_style,A
P1__A__stereo__impulse_antiphase__static__48000__64__0p5__0p5__pre__none,0,4,initial_route,stereo
P1__A__stereo__impulse_antiphase__static__96000__64__0p5__0p5__pre__none,0,0,initial_free,0.250
P1__A__stereo__impulse_antiphase__static__96000__64__0p5__0p5__pre__none,0,1,initial_sync_division,1
P1__A__stereo__impulse_antiphase__static__96000__64__0p5__0p5__pre__none,0,2,initial_bpm,120
P1__A__stereo__impulse_antiphase__static__96000__64__0p5__0p5__pre__none,0,3,initial_style,A
P1__A__stereo__impulse_antiphase__static__96000__64__0p5__0p5__pre__none,0,4,initial_route,stereo
P1__A__pingpong__impulse_antiphase__static__44100__64__0p5__0p5__pre__none,0,0,initial_free,0.250
P1__A__pingpong__impulse_antiphase__static__44100__64__0p5__0p5__pre__none,0,1,initial_sync_division,1
P1__A__pingpong__impulse_antiphase__static__44100__64__0p5__0p5__pre__none,0,2,initial_bpm,120
P1__A__pingpong__impulse_antiphase__static__44100__64__0p5__0p5__pre__none,0,3,initial_style,A
P1__A__pingpong__impulse_antiphase__static__44100__64__0p5__0p5__pre__none,0,4,initial_route,pingpong
P1__A__pingpong__impulse_antiphase__static__48000__64__0p5__0p5__pre__none,0,0,initial_free,0.250
P1__A__pingpong__impulse_antiphase__static__48000__64__0p5__0p5__pre__none,0,1,initial_sync_division,1
P1__A__pingpong__impulse_antiphase__static__48000__64__0p5__0p5__pre__none,0,2,initial_bpm,120
P1__A__pingpong__impulse_antiphase__static__48000__64__0p5__0p5__pre__none,0,3,initial_style,A
P1__A__pingpong__impulse_antiphase__static__48000__64__0p5__0p5__pre__none,0,4,initial_route,pingpong
P1__A__pingpong__impulse_antiphase__static__96000__64__0p5__0p5__pre__none,0,0,initial_free,0.250
P1__A__pingpong__impulse_antiphase__static__96000__64__0p5__0p5__pre__none,0,1,initial_sync_division,1
P1__A__pingpong__impulse_antiphase__static__96000__64__0p5__0p5__pre__none,0,2,initial_bpm,120
P1__A__pingpong__impulse_antiphase__static__96000__64__0p5__0p5__pre__none,0,3,initial_style,A
P1__A__pingpong__impulse_antiphase__static__96000__64__0p5__0p5__pre__none,0,4,initial_route,pingpong
P1__A__stereo__impulse_antiphase__static__44100__64__0p5__0p5__post__none,0,0,initial_free,0.250
P1__A__stereo__impulse_antiphase__static__44100__64__0p5__0p5__post__none,0,1,initial_sync_division,1
P1__A__stereo__impulse_antiphase__static__44100__64__0p5__0p5__post__none,0,2,initial_bpm,120
P1__A__stereo__impulse_antiphase__static__44100__64__0p5__0p5__post__none,0,3,initial_style,A
P1__A__stereo__impulse_antiphase__static__44100__64__0p5__0p5__post__none,0,4,initial_route,stereo
P1__A__stereo__impulse_antiphase__static__48000__64__0p5__0p5__post__none,0,0,initial_free,0.250
P1__A__stereo__impulse_antiphase__static__48000__64__0p5__0p5__post__none,0,1,initial_sync_division,1
P1__A__stereo__impulse_antiphase__static__48000__64__0p5__0p5__post__none,0,2,initial_bpm,120
P1__A__stereo__impulse_antiphase__static__48000__64__0p5__0p5__post__none,0,3,initial_style,A
P1__A__stereo__impulse_antiphase__static__48000__64__0p5__0p5__post__none,0,4,initial_route,stereo
P1__A__stereo__impulse_antiphase__static__96000__64__0p5__0p5__post__none,0,0,initial_free,0.250
P1__A__stereo__impulse_antiphase__static__96000__64__0p5__0p5__post__none,0,1,initial_sync_division,1
P1__A__stereo__impulse_antiphase__static__96000__64__0p5__0p5__post__none,0,2,initial_bpm,120
P1__A__stereo__impulse_antiphase__static__96000__64__0p5__0p5__post__none,0,3,initial_style,A
P1__A__stereo__impulse_antiphase__static__96000__64__0p5__0p5__post__none,0,4,initial_route,stereo
P1__A__pingpong__impulse_antiphase__static__44100__64__0p5__0p5__post__none,0,0,initial_free,0.250
P1__A__pingpong__impulse_antiphase__static__44100__64__0p5__0p5__post__none,0,1,initial_sync_division,1
P1__A__pingpong__impulse_antiphase__static__44100__64__0p5__0p5__post__none,0,2,initial_bpm,120
P1__A__pingpong__impulse_antiphase__static__44100__64__0p5__0p5__post__none,0,3,initial_style,A
P1__A__pingpong__impulse_antiphase__static__44100__64__0p5__0p5__post__none,0,4,initial_route,pingpong
P1__A__pingpong__impulse_antiphase__static__48000__64__0p5__0p5__post__none,0,0,initial_free,0.250
P1__A__pingpong__impulse_antiphase__static__48000__64__0p5__0p5__post__none,0,1,initial_sync_division,1
P1__A__pingpong__impulse_antiphase__static__48000__64__0p5__0p5__post__none,0,2,initial_bpm,120
P1__A__pingpong__impulse_antiphase__static__48000__64__0p5__0p5__post__none,0,3,initial_style,A
P1__A__pingpong__impulse_antiphase__static__48000__64__0p5__0p5__post__none,0,4,initial_route,pingpong
P1__A__pingpong__impulse_antiphase__static__96000__64__0p5__0p5__post__none,0,0,initial_free,0.250
P1__A__pingpong__impulse_antiphase__static__96000__64__0p5__0p5__post__none,0,1,initial_sync_division,1
P1__A__pingpong__impulse_antiphase__static__96000__64__0p5__0p5__post__none,0,2,initial_bpm,120
P1__A__pingpong__impulse_antiphase__static__96000__64__0p5__0p5__post__none,0,3,initial_style,A
P1__A__pingpong__impulse_antiphase__static__96000__64__0p5__0p5__post__none,0,4,initial_route,pingpong
P2__A__stereo__sine__retarget__48000__irregular__0p5__1__post__none,0,0,initial_free,0.250
P2__A__stereo__sine__retarget__48000__irregular__0p5__1__post__none,0,1,initial_sync_division,1
P2__A__stereo__sine__retarget__48000__irregular__0p5__1__post__none,0,2,initial_bpm,120
P2__A__stereo__sine__retarget__48000__irregular__0p5__1__post__none,0,3,initial_style,A
P2__A__stereo__sine__retarget__48000__irregular__0p5__1__post__none,0,4,initial_route,stereo
P2__A__stereo__sine__retarget__48000__irregular__0p5__1__post__none,48000,0,free,0.375
P2__A__stereo__sine__retarget__48000__irregular__0p5__1__post__none,48240,0,free,0.125
P2__A__stereo__sine__retarget__48000__irregular__0p5__1__post__none,48432,0,free,0.300
P2__A__pingpong__sine__retarget__48000__irregular__0p5__1__post__none,0,0,initial_free,0.250
P2__A__pingpong__sine__retarget__48000__irregular__0p5__1__post__none,0,1,initial_sync_division,1
P2__A__pingpong__sine__retarget__48000__irregular__0p5__1__post__none,0,2,initial_bpm,120
P2__A__pingpong__sine__retarget__48000__irregular__0p5__1__post__none,0,3,initial_style,A
P2__A__pingpong__sine__retarget__48000__irregular__0p5__1__post__none,0,4,initial_route,pingpong
P2__A__pingpong__sine__retarget__48000__irregular__0p5__1__post__none,48000,0,free,0.375
P2__A__pingpong__sine__retarget__48000__irregular__0p5__1__post__none,48240,0,free,0.125
P2__A__pingpong__sine__retarget__48000__irregular__0p5__1__post__none,48432,0,free,0.300
P2__B__stereo__sine__retarget__48000__irregular__0p5__1__post__none,0,0,initial_free,0.250
P2__B__stereo__sine__retarget__48000__irregular__0p5__1__post__none,0,1,initial_sync_division,1
P2__B__stereo__sine__retarget__48000__irregular__0p5__1__post__none,0,2,initial_bpm,120
P2__B__stereo__sine__retarget__48000__irregular__0p5__1__post__none,0,3,initial_style,B
P2__B__stereo__sine__retarget__48000__irregular__0p5__1__post__none,0,4,initial_route,stereo
P2__B__stereo__sine__retarget__48000__irregular__0p5__1__post__none,48000,0,free,0.375
P2__B__stereo__sine__retarget__48000__irregular__0p5__1__post__none,48240,0,free,0.125
P2__B__stereo__sine__retarget__48000__irregular__0p5__1__post__none,48432,0,free,0.300
P2__B__pingpong__sine__retarget__48000__irregular__0p5__1__post__none,0,0,initial_free,0.250
P2__B__pingpong__sine__retarget__48000__irregular__0p5__1__post__none,0,1,initial_sync_division,1
P2__B__pingpong__sine__retarget__48000__irregular__0p5__1__post__none,0,2,initial_bpm,120
P2__B__pingpong__sine__retarget__48000__irregular__0p5__1__post__none,0,3,initial_style,B
P2__B__pingpong__sine__retarget__48000__irregular__0p5__1__post__none,0,4,initial_route,pingpong
P2__B__pingpong__sine__retarget__48000__irregular__0p5__1__post__none,48000,0,free,0.375
P2__B__pingpong__sine__retarget__48000__irregular__0p5__1__post__none,48240,0,free,0.125
P2__B__pingpong__sine__retarget__48000__irregular__0p5__1__post__none,48432,0,free,0.300
P2__C__stereo__sine__retarget__48000__irregular__0p5__1__post__none,0,0,initial_free,0.250
P2__C__stereo__sine__retarget__48000__irregular__0p5__1__post__none,0,1,initial_sync_division,1
P2__C__stereo__sine__retarget__48000__irregular__0p5__1__post__none,0,2,initial_bpm,120
P2__C__stereo__sine__retarget__48000__irregular__0p5__1__post__none,0,3,initial_style,C
P2__C__stereo__sine__retarget__48000__irregular__0p5__1__post__none,0,4,initial_route,stereo
P2__C__stereo__sine__retarget__48000__irregular__0p5__1__post__none,48000,0,free,0.375
P2__C__stereo__sine__retarget__48000__irregular__0p5__1__post__none,48240,0,free,0.125
P2__C__stereo__sine__retarget__48000__irregular__0p5__1__post__none,48432,0,free,0.300
P2__C__pingpong__sine__retarget__48000__irregular__0p5__1__post__none,0,0,initial_free,0.250
P2__C__pingpong__sine__retarget__48000__irregular__0p5__1__post__none,0,1,initial_sync_division,1
P2__C__pingpong__sine__retarget__48000__irregular__0p5__1__post__none,0,2,initial_bpm,120
P2__C__pingpong__sine__retarget__48000__irregular__0p5__1__post__none,0,3,initial_style,C
P2__C__pingpong__sine__retarget__48000__irregular__0p5__1__post__none,0,4,initial_route,pingpong
P2__C__pingpong__sine__retarget__48000__irregular__0p5__1__post__none,48000,0,free,0.375
P2__C__pingpong__sine__retarget__48000__irregular__0p5__1__post__none,48240,0,free,0.125
P2__C__pingpong__sine__retarget__48000__irregular__0p5__1__post__none,48432,0,free,0.300
P2__A__stereo__sine__mode_collision__48000__irregular__0p5__1__post__none,0,0,initial_free,0.250
P2__A__stereo__sine__mode_collision__48000__irregular__0p5__1__post__none,0,1,initial_sync_division,1
P2__A__stereo__sine__mode_collision__48000__irregular__0p5__1__post__none,0,2,initial_bpm,120
P2__A__stereo__sine__mode_collision__48000__irregular__0p5__1__post__none,0,3,initial_style,A
P2__A__stereo__sine__mode_collision__48000__irregular__0p5__1__post__none,0,4,initial_route,stereo
P2__A__stereo__sine__mode_collision__48000__irregular__0p5__1__post__none,48000,0,division,1
P2__A__stereo__sine__mode_collision__48000__irregular__0p5__1__post__none,48000,1,bpm,120
P2__A__stereo__sine__mode_collision__48000__irregular__0p5__1__post__none,48000,2,select,sync
P2__A__stereo__sine__mode_collision__48000__irregular__0p5__1__post__none,48240,0,bpm,90
P2__A__stereo__sine__mode_collision__48000__irregular__0p5__1__post__none,48432,0,bpm,INVALID_TEMPO_NONFINITE
P2__A__stereo__sine__mode_collision__48000__irregular__0p5__1__post__none,48432,1,division,0.5
P2__A__stereo__sine__mode_collision__48000__irregular__0p5__1__post__none,48432,2,division,1
P2__A__stereo__sine__mode_collision__48000__irregular__0p5__1__post__none,48960,0,free,0.250
P2__A__stereo__sine__mode_collision__48000__irregular__0p5__1__post__none,48960,1,select,free
P2__A__stereo__sine__mode_collision__48000__irregular__0p5__1__post__none,48960,2,style,C
P2__A__pingpong__sine__mode_collision__48000__irregular__0p5__1__post__none,0,0,initial_free,0.250
P2__A__pingpong__sine__mode_collision__48000__irregular__0p5__1__post__none,0,1,initial_sync_division,1
P2__A__pingpong__sine__mode_collision__48000__irregular__0p5__1__post__none,0,2,initial_bpm,120
P2__A__pingpong__sine__mode_collision__48000__irregular__0p5__1__post__none,0,3,initial_style,A
P2__A__pingpong__sine__mode_collision__48000__irregular__0p5__1__post__none,0,4,initial_route,pingpong
P2__A__pingpong__sine__mode_collision__48000__irregular__0p5__1__post__none,48000,0,division,1
P2__A__pingpong__sine__mode_collision__48000__irregular__0p5__1__post__none,48000,1,bpm,120
P2__A__pingpong__sine__mode_collision__48000__irregular__0p5__1__post__none,48000,2,select,sync
P2__A__pingpong__sine__mode_collision__48000__irregular__0p5__1__post__none,48240,0,bpm,90
P2__A__pingpong__sine__mode_collision__48000__irregular__0p5__1__post__none,48432,0,bpm,INVALID_TEMPO_NONFINITE
P2__A__pingpong__sine__mode_collision__48000__irregular__0p5__1__post__none,48432,1,division,0.5
P2__A__pingpong__sine__mode_collision__48000__irregular__0p5__1__post__none,48432,2,division,1
P2__A__pingpong__sine__mode_collision__48000__irregular__0p5__1__post__none,48960,0,free,0.250
P2__A__pingpong__sine__mode_collision__48000__irregular__0p5__1__post__none,48960,1,select,free
P2__A__pingpong__sine__mode_collision__48000__irregular__0p5__1__post__none,48960,2,style,C
P2__B__stereo__sine__mode_collision__48000__irregular__0p5__1__post__none,0,0,initial_free,0.250
P2__B__stereo__sine__mode_collision__48000__irregular__0p5__1__post__none,0,1,initial_sync_division,1
P2__B__stereo__sine__mode_collision__48000__irregular__0p5__1__post__none,0,2,initial_bpm,120
P2__B__stereo__sine__mode_collision__48000__irregular__0p5__1__post__none,0,3,initial_style,B
P2__B__stereo__sine__mode_collision__48000__irregular__0p5__1__post__none,0,4,initial_route,stereo
P2__B__stereo__sine__mode_collision__48000__irregular__0p5__1__post__none,48000,0,division,1
P2__B__stereo__sine__mode_collision__48000__irregular__0p5__1__post__none,48000,1,bpm,120
P2__B__stereo__sine__mode_collision__48000__irregular__0p5__1__post__none,48000,2,select,sync
P2__B__stereo__sine__mode_collision__48000__irregular__0p5__1__post__none,48240,0,bpm,90
P2__B__stereo__sine__mode_collision__48000__irregular__0p5__1__post__none,48432,0,bpm,INVALID_TEMPO_NONFINITE
P2__B__stereo__sine__mode_collision__48000__irregular__0p5__1__post__none,48432,1,division,0.5
P2__B__stereo__sine__mode_collision__48000__irregular__0p5__1__post__none,48432,2,division,1
P2__B__stereo__sine__mode_collision__48000__irregular__0p5__1__post__none,48960,0,free,0.250
P2__B__stereo__sine__mode_collision__48000__irregular__0p5__1__post__none,48960,1,select,free
P2__B__stereo__sine__mode_collision__48000__irregular__0p5__1__post__none,48960,2,style,C
P2__B__pingpong__sine__mode_collision__48000__irregular__0p5__1__post__none,0,0,initial_free,0.250
P2__B__pingpong__sine__mode_collision__48000__irregular__0p5__1__post__none,0,1,initial_sync_division,1
P2__B__pingpong__sine__mode_collision__48000__irregular__0p5__1__post__none,0,2,initial_bpm,120
P2__B__pingpong__sine__mode_collision__48000__irregular__0p5__1__post__none,0,3,initial_style,B
P2__B__pingpong__sine__mode_collision__48000__irregular__0p5__1__post__none,0,4,initial_route,pingpong
P2__B__pingpong__sine__mode_collision__48000__irregular__0p5__1__post__none,48000,0,division,1
P2__B__pingpong__sine__mode_collision__48000__irregular__0p5__1__post__none,48000,1,bpm,120
P2__B__pingpong__sine__mode_collision__48000__irregular__0p5__1__post__none,48000,2,select,sync
P2__B__pingpong__sine__mode_collision__48000__irregular__0p5__1__post__none,48240,0,bpm,90
P2__B__pingpong__sine__mode_collision__48000__irregular__0p5__1__post__none,48432,0,bpm,INVALID_TEMPO_NONFINITE
P2__B__pingpong__sine__mode_collision__48000__irregular__0p5__1__post__none,48432,1,division,0.5
P2__B__pingpong__sine__mode_collision__48000__irregular__0p5__1__post__none,48432,2,division,1
P2__B__pingpong__sine__mode_collision__48000__irregular__0p5__1__post__none,48960,0,free,0.250
P2__B__pingpong__sine__mode_collision__48000__irregular__0p5__1__post__none,48960,1,select,free
P2__B__pingpong__sine__mode_collision__48000__irregular__0p5__1__post__none,48960,2,style,C
P2__C__stereo__sine__mode_collision__48000__irregular__0p5__1__post__none,0,0,initial_free,0.250
P2__C__stereo__sine__mode_collision__48000__irregular__0p5__1__post__none,0,1,initial_sync_division,1
P2__C__stereo__sine__mode_collision__48000__irregular__0p5__1__post__none,0,2,initial_bpm,120
P2__C__stereo__sine__mode_collision__48000__irregular__0p5__1__post__none,0,3,initial_style,C
P2__C__stereo__sine__mode_collision__48000__irregular__0p5__1__post__none,0,4,initial_route,stereo
P2__C__stereo__sine__mode_collision__48000__irregular__0p5__1__post__none,48000,0,division,1
P2__C__stereo__sine__mode_collision__48000__irregular__0p5__1__post__none,48000,1,bpm,120
P2__C__stereo__sine__mode_collision__48000__irregular__0p5__1__post__none,48000,2,select,sync
P2__C__stereo__sine__mode_collision__48000__irregular__0p5__1__post__none,48240,0,bpm,90
P2__C__stereo__sine__mode_collision__48000__irregular__0p5__1__post__none,48432,0,bpm,INVALID_TEMPO_NONFINITE
P2__C__stereo__sine__mode_collision__48000__irregular__0p5__1__post__none,48432,1,division,0.5
P2__C__stereo__sine__mode_collision__48000__irregular__0p5__1__post__none,48432,2,division,1
P2__C__stereo__sine__mode_collision__48000__irregular__0p5__1__post__none,48960,0,free,0.250
P2__C__stereo__sine__mode_collision__48000__irregular__0p5__1__post__none,48960,1,select,free
P2__C__stereo__sine__mode_collision__48000__irregular__0p5__1__post__none,48960,2,style,A
P2__C__pingpong__sine__mode_collision__48000__irregular__0p5__1__post__none,0,0,initial_free,0.250
P2__C__pingpong__sine__mode_collision__48000__irregular__0p5__1__post__none,0,1,initial_sync_division,1
P2__C__pingpong__sine__mode_collision__48000__irregular__0p5__1__post__none,0,2,initial_bpm,120
P2__C__pingpong__sine__mode_collision__48000__irregular__0p5__1__post__none,0,3,initial_style,C
P2__C__pingpong__sine__mode_collision__48000__irregular__0p5__1__post__none,0,4,initial_route,pingpong
P2__C__pingpong__sine__mode_collision__48000__irregular__0p5__1__post__none,48000,0,division,1
P2__C__pingpong__sine__mode_collision__48000__irregular__0p5__1__post__none,48000,1,bpm,120
P2__C__pingpong__sine__mode_collision__48000__irregular__0p5__1__post__none,48000,2,select,sync
P2__C__pingpong__sine__mode_collision__48000__irregular__0p5__1__post__none,48240,0,bpm,90
P2__C__pingpong__sine__mode_collision__48000__irregular__0p5__1__post__none,48432,0,bpm,INVALID_TEMPO_NONFINITE
P2__C__pingpong__sine__mode_collision__48000__irregular__0p5__1__post__none,48432,1,division,0.5
P2__C__pingpong__sine__mode_collision__48000__irregular__0p5__1__post__none,48432,2,division,1
P2__C__pingpong__sine__mode_collision__48000__irregular__0p5__1__post__none,48960,0,free,0.250
P2__C__pingpong__sine__mode_collision__48000__irregular__0p5__1__post__none,48960,1,select,free
P2__C__pingpong__sine__mode_collision__48000__irregular__0p5__1__post__none,48960,2,style,A
P2__A__stereo__sine__timing_return__48000__irregular__0p5__1__post__none,0,0,initial_free,0.250
P2__A__stereo__sine__timing_return__48000__irregular__0p5__1__post__none,0,1,initial_sync_division,1
P2__A__stereo__sine__timing_return__48000__irregular__0p5__1__post__none,0,2,initial_bpm,120
P2__A__stereo__sine__timing_return__48000__irregular__0p5__1__post__none,0,3,initial_style,A
P2__A__stereo__sine__timing_return__48000__irregular__0p5__1__post__none,0,4,initial_route,stereo
P2__A__stereo__sine__timing_return__48000__irregular__0p5__1__post__none,48000,0,free,0.375
P2__A__stereo__sine__timing_return__48000__irregular__0p5__1__post__none,48096,0,free,0.250
P2__A__pingpong__sine__timing_return__48000__irregular__0p5__1__post__none,0,0,initial_free,0.250
P2__A__pingpong__sine__timing_return__48000__irregular__0p5__1__post__none,0,1,initial_sync_division,1
P2__A__pingpong__sine__timing_return__48000__irregular__0p5__1__post__none,0,2,initial_bpm,120
P2__A__pingpong__sine__timing_return__48000__irregular__0p5__1__post__none,0,3,initial_style,A
P2__A__pingpong__sine__timing_return__48000__irregular__0p5__1__post__none,0,4,initial_route,pingpong
P2__A__pingpong__sine__timing_return__48000__irregular__0p5__1__post__none,48000,0,free,0.375
P2__A__pingpong__sine__timing_return__48000__irregular__0p5__1__post__none,48096,0,free,0.250
P2__B__stereo__sine__timing_return__48000__irregular__0p5__1__post__none,0,0,initial_free,0.250
P2__B__stereo__sine__timing_return__48000__irregular__0p5__1__post__none,0,1,initial_sync_division,1
P2__B__stereo__sine__timing_return__48000__irregular__0p5__1__post__none,0,2,initial_bpm,120
P2__B__stereo__sine__timing_return__48000__irregular__0p5__1__post__none,0,3,initial_style,B
P2__B__stereo__sine__timing_return__48000__irregular__0p5__1__post__none,0,4,initial_route,stereo
P2__B__stereo__sine__timing_return__48000__irregular__0p5__1__post__none,48000,0,free,0.375
P2__B__stereo__sine__timing_return__48000__irregular__0p5__1__post__none,48096,0,free,0.250
P2__B__pingpong__sine__timing_return__48000__irregular__0p5__1__post__none,0,0,initial_free,0.250
P2__B__pingpong__sine__timing_return__48000__irregular__0p5__1__post__none,0,1,initial_sync_division,1
P2__B__pingpong__sine__timing_return__48000__irregular__0p5__1__post__none,0,2,initial_bpm,120
P2__B__pingpong__sine__timing_return__48000__irregular__0p5__1__post__none,0,3,initial_style,B
P2__B__pingpong__sine__timing_return__48000__irregular__0p5__1__post__none,0,4,initial_route,pingpong
P2__B__pingpong__sine__timing_return__48000__irregular__0p5__1__post__none,48000,0,free,0.375
P2__B__pingpong__sine__timing_return__48000__irregular__0p5__1__post__none,48096,0,free,0.250
P2__C__stereo__sine__timing_return__48000__irregular__0p5__1__post__none,0,0,initial_free,0.250
P2__C__stereo__sine__timing_return__48000__irregular__0p5__1__post__none,0,1,initial_sync_division,1
P2__C__stereo__sine__timing_return__48000__irregular__0p5__1__post__none,0,2,initial_bpm,120
P2__C__stereo__sine__timing_return__48000__irregular__0p5__1__post__none,0,3,initial_style,C
P2__C__stereo__sine__timing_return__48000__irregular__0p5__1__post__none,0,4,initial_route,stereo
P2__C__stereo__sine__timing_return__48000__irregular__0p5__1__post__none,48000,0,free,0.375
P2__C__stereo__sine__timing_return__48000__irregular__0p5__1__post__none,48096,0,free,0.250
P2__C__pingpong__sine__timing_return__48000__irregular__0p5__1__post__none,0,0,initial_free,0.250
P2__C__pingpong__sine__timing_return__48000__irregular__0p5__1__post__none,0,1,initial_sync_division,1
P2__C__pingpong__sine__timing_return__48000__irregular__0p5__1__post__none,0,2,initial_bpm,120
P2__C__pingpong__sine__timing_return__48000__irregular__0p5__1__post__none,0,3,initial_style,C
P2__C__pingpong__sine__timing_return__48000__irregular__0p5__1__post__none,0,4,initial_route,pingpong
P2__C__pingpong__sine__timing_return__48000__irregular__0p5__1__post__none,48000,0,free,0.375
P2__C__pingpong__sine__timing_return__48000__irregular__0p5__1__post__none,48096,0,free,0.250
P2__A__stereo__sine__timing_repeat__48000__irregular__0p5__1__post__none,0,0,initial_free,0.250
P2__A__stereo__sine__timing_repeat__48000__irregular__0p5__1__post__none,0,1,initial_sync_division,1
P2__A__stereo__sine__timing_repeat__48000__irregular__0p5__1__post__none,0,2,initial_bpm,120
P2__A__stereo__sine__timing_repeat__48000__irregular__0p5__1__post__none,0,3,initial_style,A
P2__A__stereo__sine__timing_repeat__48000__irregular__0p5__1__post__none,0,4,initial_route,stereo
P2__A__stereo__sine__timing_repeat__48000__irregular__0p5__1__post__none,48000,0,free,0.375
P2__A__stereo__sine__timing_repeat__48000__irregular__0p5__1__post__none,48096,0,free,0.375
P2__A__pingpong__sine__timing_repeat__48000__irregular__0p5__1__post__none,0,0,initial_free,0.250
P2__A__pingpong__sine__timing_repeat__48000__irregular__0p5__1__post__none,0,1,initial_sync_division,1
P2__A__pingpong__sine__timing_repeat__48000__irregular__0p5__1__post__none,0,2,initial_bpm,120
P2__A__pingpong__sine__timing_repeat__48000__irregular__0p5__1__post__none,0,3,initial_style,A
P2__A__pingpong__sine__timing_repeat__48000__irregular__0p5__1__post__none,0,4,initial_route,pingpong
P2__A__pingpong__sine__timing_repeat__48000__irregular__0p5__1__post__none,48000,0,free,0.375
P2__A__pingpong__sine__timing_repeat__48000__irregular__0p5__1__post__none,48096,0,free,0.375
P2__B__stereo__sine__timing_repeat__48000__irregular__0p5__1__post__none,0,0,initial_free,0.250
P2__B__stereo__sine__timing_repeat__48000__irregular__0p5__1__post__none,0,1,initial_sync_division,1
P2__B__stereo__sine__timing_repeat__48000__irregular__0p5__1__post__none,0,2,initial_bpm,120
P2__B__stereo__sine__timing_repeat__48000__irregular__0p5__1__post__none,0,3,initial_style,B
P2__B__stereo__sine__timing_repeat__48000__irregular__0p5__1__post__none,0,4,initial_route,stereo
P2__B__stereo__sine__timing_repeat__48000__irregular__0p5__1__post__none,48000,0,free,0.375
P2__B__stereo__sine__timing_repeat__48000__irregular__0p5__1__post__none,48096,0,free,0.375
P2__B__pingpong__sine__timing_repeat__48000__irregular__0p5__1__post__none,0,0,initial_free,0.250
P2__B__pingpong__sine__timing_repeat__48000__irregular__0p5__1__post__none,0,1,initial_sync_division,1
P2__B__pingpong__sine__timing_repeat__48000__irregular__0p5__1__post__none,0,2,initial_bpm,120
P2__B__pingpong__sine__timing_repeat__48000__irregular__0p5__1__post__none,0,3,initial_style,B
P2__B__pingpong__sine__timing_repeat__48000__irregular__0p5__1__post__none,0,4,initial_route,pingpong
P2__B__pingpong__sine__timing_repeat__48000__irregular__0p5__1__post__none,48000,0,free,0.375
P2__B__pingpong__sine__timing_repeat__48000__irregular__0p5__1__post__none,48096,0,free,0.375
P2__C__stereo__sine__timing_repeat__48000__irregular__0p5__1__post__none,0,0,initial_free,0.250
P2__C__stereo__sine__timing_repeat__48000__irregular__0p5__1__post__none,0,1,initial_sync_division,1
P2__C__stereo__sine__timing_repeat__48000__irregular__0p5__1__post__none,0,2,initial_bpm,120
P2__C__stereo__sine__timing_repeat__48000__irregular__0p5__1__post__none,0,3,initial_style,C
P2__C__stereo__sine__timing_repeat__48000__irregular__0p5__1__post__none,0,4,initial_route,stereo
P2__C__stereo__sine__timing_repeat__48000__irregular__0p5__1__post__none,48000,0,free,0.375
P2__C__stereo__sine__timing_repeat__48000__irregular__0p5__1__post__none,48096,0,free,0.375
P2__C__pingpong__sine__timing_repeat__48000__irregular__0p5__1__post__none,0,0,initial_free,0.250
P2__C__pingpong__sine__timing_repeat__48000__irregular__0p5__1__post__none,0,1,initial_sync_division,1
P2__C__pingpong__sine__timing_repeat__48000__irregular__0p5__1__post__none,0,2,initial_bpm,120
P2__C__pingpong__sine__timing_repeat__48000__irregular__0p5__1__post__none,0,3,initial_style,C
P2__C__pingpong__sine__timing_repeat__48000__irregular__0p5__1__post__none,0,4,initial_route,pingpong
P2__C__pingpong__sine__timing_repeat__48000__irregular__0p5__1__post__none,48000,0,free,0.375
P2__C__pingpong__sine__timing_repeat__48000__irregular__0p5__1__post__none,48096,0,free,0.375
P3__A__stereo__sine__endpoint__48000__irregular__0p5__1__post__none,0,0,initial_free,0.250
P3__A__stereo__sine__endpoint__48000__irregular__0p5__1__post__none,0,1,initial_sync_division,1
P3__A__stereo__sine__endpoint__48000__irregular__0p5__1__post__none,0,2,initial_bpm,120
P3__A__stereo__sine__endpoint__48000__irregular__0p5__1__post__none,0,3,initial_style,A
P3__A__stereo__sine__endpoint__48000__irregular__0p5__1__post__none,0,4,initial_route,stereo
P3__A__stereo__sine__endpoint__48000__irregular__0p5__1__post__none,48000,0,free,0.375
P3__A__stereo__sine__endpoint__48000__irregular__0p5__1__post__none,48000,1,route,pingpong
P3__A__stereo__sine__endpoint__48000__irregular__0p5__1__post__none,48960,0,free,0.300
P3__A__stereo__sine__endpoint__48000__irregular__0p5__1__post__none,48960,1,route,stereo
P3__B__stereo__sine__endpoint__48000__irregular__0p5__1__post__none,0,0,initial_free,0.250
P3__B__stereo__sine__endpoint__48000__irregular__0p5__1__post__none,0,1,initial_sync_division,1
P3__B__stereo__sine__endpoint__48000__irregular__0p5__1__post__none,0,2,initial_bpm,120
P3__B__stereo__sine__endpoint__48000__irregular__0p5__1__post__none,0,3,initial_style,B
P3__B__stereo__sine__endpoint__48000__irregular__0p5__1__post__none,0,4,initial_route,stereo
P3__B__stereo__sine__endpoint__48000__irregular__0p5__1__post__none,48000,0,free,0.375
P3__B__stereo__sine__endpoint__48000__irregular__0p5__1__post__none,48000,1,route,pingpong
P3__B__stereo__sine__endpoint__48000__irregular__0p5__1__post__none,48240,0,free,0.300
P3__B__stereo__sine__endpoint__48000__irregular__0p5__1__post__none,48960,0,route,stereo
P3__C__stereo__sine__endpoint__48000__irregular__0p5__1__post__none,0,0,initial_free,0.250
P3__C__stereo__sine__endpoint__48000__irregular__0p5__1__post__none,0,1,initial_sync_division,1
P3__C__stereo__sine__endpoint__48000__irregular__0p5__1__post__none,0,2,initial_bpm,120
P3__C__stereo__sine__endpoint__48000__irregular__0p5__1__post__none,0,3,initial_style,C
P3__C__stereo__sine__endpoint__48000__irregular__0p5__1__post__none,0,4,initial_route,stereo
P3__C__stereo__sine__endpoint__48000__irregular__0p5__1__post__none,48000,0,free,0.375
P3__C__stereo__sine__endpoint__48000__irregular__0p5__1__post__none,48000,1,route,pingpong
P3__C__stereo__sine__endpoint__48000__irregular__0p5__1__post__none,48960,0,free,0.300
P3__C__stereo__sine__endpoint__48000__irregular__0p5__1__post__none,48960,1,route,stereo
P4__A__stereo__step__routing__48000__irregular__0p5__1__post__none,0,0,initial_free,0.250
P4__A__stereo__step__routing__48000__irregular__0p5__1__post__none,0,1,initial_sync_division,1
P4__A__stereo__step__routing__48000__irregular__0p5__1__post__none,0,2,initial_bpm,120
P4__A__stereo__step__routing__48000__irregular__0p5__1__post__none,0,3,initial_style,A
P4__A__stereo__step__routing__48000__irregular__0p5__1__post__none,0,4,initial_route,stereo
P4__A__stereo__step__routing__48000__irregular__0p5__1__post__none,48000,0,route,pingpong
P4__A__stereo__step__routing__48000__irregular__0p5__1__post__none,48240,0,route,stereo
P4__A__stereo__step__routing__48000__irregular__0p5__1__post__none,48432,0,route,pingpong
P4__A__stereo__step__routing_return__48000__irregular__0p5__1__post__none,0,0,initial_free,0.250
P4__A__stereo__step__routing_return__48000__irregular__0p5__1__post__none,0,1,initial_sync_division,1
P4__A__stereo__step__routing_return__48000__irregular__0p5__1__post__none,0,2,initial_bpm,120
P4__A__stereo__step__routing_return__48000__irregular__0p5__1__post__none,0,3,initial_style,A
P4__A__stereo__step__routing_return__48000__irregular__0p5__1__post__none,0,4,initial_route,stereo
P4__A__stereo__step__routing_return__48000__irregular__0p5__1__post__none,48000,0,route,pingpong
P4__A__stereo__step__routing_return__48000__irregular__0p5__1__post__none,48096,0,route,stereo
P4__A__stereo__step__routing_repeat__48000__irregular__0p5__1__post__none,0,0,initial_free,0.250
P4__A__stereo__step__routing_repeat__48000__irregular__0p5__1__post__none,0,1,initial_sync_division,1
P4__A__stereo__step__routing_repeat__48000__irregular__0p5__1__post__none,0,2,initial_bpm,120
P4__A__stereo__step__routing_repeat__48000__irregular__0p5__1__post__none,0,3,initial_style,A
P4__A__stereo__step__routing_repeat__48000__irregular__0p5__1__post__none,0,4,initial_route,stereo
P4__A__stereo__step__routing_repeat__48000__irregular__0p5__1__post__none,48000,0,route,pingpong
P4__A__stereo__step__routing_repeat__48000__irregular__0p5__1__post__none,48096,0,route,pingpong
P5__A__stereo__sine__retarget__44100__1__0p9__1__post__none,0,0,initial_free,0.250
P5__A__stereo__sine__retarget__44100__1__0p9__1__post__none,0,1,initial_sync_division,1
P5__A__stereo__sine__retarget__44100__1__0p9__1__post__none,0,2,initial_bpm,120
P5__A__stereo__sine__retarget__44100__1__0p9__1__post__none,0,3,initial_style,A
P5__A__stereo__sine__retarget__44100__1__0p9__1__post__none,0,4,initial_route,stereo
P5__A__stereo__sine__retarget__44100__1__0p9__1__post__none,44100,0,free,0.375
P5__A__stereo__sine__retarget__44100__1__0p9__1__post__none,44320,0,free,0.125
P5__A__stereo__sine__retarget__44100__1__0p9__1__post__none,44497,0,free,0.300
P5__A__stereo__sine__retarget__44100__64__0p9__1__post__none,0,0,initial_free,0.250
P5__A__stereo__sine__retarget__44100__64__0p9__1__post__none,0,1,initial_sync_division,1
P5__A__stereo__sine__retarget__44100__64__0p9__1__post__none,0,2,initial_bpm,120
P5__A__stereo__sine__retarget__44100__64__0p9__1__post__none,0,3,initial_style,A
P5__A__stereo__sine__retarget__44100__64__0p9__1__post__none,0,4,initial_route,stereo
P5__A__stereo__sine__retarget__44100__64__0p9__1__post__none,44100,0,free,0.375
P5__A__stereo__sine__retarget__44100__64__0p9__1__post__none,44320,0,free,0.125
P5__A__stereo__sine__retarget__44100__64__0p9__1__post__none,44497,0,free,0.300
P5__A__stereo__sine__retarget__44100__512__0p9__1__post__none,0,0,initial_free,0.250
P5__A__stereo__sine__retarget__44100__512__0p9__1__post__none,0,1,initial_sync_division,1
P5__A__stereo__sine__retarget__44100__512__0p9__1__post__none,0,2,initial_bpm,120
P5__A__stereo__sine__retarget__44100__512__0p9__1__post__none,0,3,initial_style,A
P5__A__stereo__sine__retarget__44100__512__0p9__1__post__none,0,4,initial_route,stereo
P5__A__stereo__sine__retarget__44100__512__0p9__1__post__none,44100,0,free,0.375
P5__A__stereo__sine__retarget__44100__512__0p9__1__post__none,44320,0,free,0.125
P5__A__stereo__sine__retarget__44100__512__0p9__1__post__none,44497,0,free,0.300
P5__A__stereo__sine__retarget__44100__irregular__0p9__1__post__none,0,0,initial_free,0.250
P5__A__stereo__sine__retarget__44100__irregular__0p9__1__post__none,0,1,initial_sync_division,1
P5__A__stereo__sine__retarget__44100__irregular__0p9__1__post__none,0,2,initial_bpm,120
P5__A__stereo__sine__retarget__44100__irregular__0p9__1__post__none,0,3,initial_style,A
P5__A__stereo__sine__retarget__44100__irregular__0p9__1__post__none,0,4,initial_route,stereo
P5__A__stereo__sine__retarget__44100__irregular__0p9__1__post__none,44100,0,free,0.375
P5__A__stereo__sine__retarget__44100__irregular__0p9__1__post__none,44320,0,free,0.125
P5__A__stereo__sine__retarget__44100__irregular__0p9__1__post__none,44497,0,free,0.300
P5__A__stereo__sine__retarget__48000__1__0p9__1__post__none,0,0,initial_free,0.250
P5__A__stereo__sine__retarget__48000__1__0p9__1__post__none,0,1,initial_sync_division,1
P5__A__stereo__sine__retarget__48000__1__0p9__1__post__none,0,2,initial_bpm,120
P5__A__stereo__sine__retarget__48000__1__0p9__1__post__none,0,3,initial_style,A
P5__A__stereo__sine__retarget__48000__1__0p9__1__post__none,0,4,initial_route,stereo
P5__A__stereo__sine__retarget__48000__1__0p9__1__post__none,48000,0,free,0.375
P5__A__stereo__sine__retarget__48000__1__0p9__1__post__none,48240,0,free,0.125
P5__A__stereo__sine__retarget__48000__1__0p9__1__post__none,48432,0,free,0.300
P5__A__stereo__sine__retarget__48000__64__0p9__1__post__none,0,0,initial_free,0.250
P5__A__stereo__sine__retarget__48000__64__0p9__1__post__none,0,1,initial_sync_division,1
P5__A__stereo__sine__retarget__48000__64__0p9__1__post__none,0,2,initial_bpm,120
P5__A__stereo__sine__retarget__48000__64__0p9__1__post__none,0,3,initial_style,A
P5__A__stereo__sine__retarget__48000__64__0p9__1__post__none,0,4,initial_route,stereo
P5__A__stereo__sine__retarget__48000__64__0p9__1__post__none,48000,0,free,0.375
P5__A__stereo__sine__retarget__48000__64__0p9__1__post__none,48240,0,free,0.125
P5__A__stereo__sine__retarget__48000__64__0p9__1__post__none,48432,0,free,0.300
P5__A__stereo__sine__retarget__48000__512__0p9__1__post__none,0,0,initial_free,0.250
P5__A__stereo__sine__retarget__48000__512__0p9__1__post__none,0,1,initial_sync_division,1
P5__A__stereo__sine__retarget__48000__512__0p9__1__post__none,0,2,initial_bpm,120
P5__A__stereo__sine__retarget__48000__512__0p9__1__post__none,0,3,initial_style,A
P5__A__stereo__sine__retarget__48000__512__0p9__1__post__none,0,4,initial_route,stereo
P5__A__stereo__sine__retarget__48000__512__0p9__1__post__none,48000,0,free,0.375
P5__A__stereo__sine__retarget__48000__512__0p9__1__post__none,48240,0,free,0.125
P5__A__stereo__sine__retarget__48000__512__0p9__1__post__none,48432,0,free,0.300
P5__A__stereo__sine__retarget__48000__irregular__0p9__1__post__none,0,0,initial_free,0.250
P5__A__stereo__sine__retarget__48000__irregular__0p9__1__post__none,0,1,initial_sync_division,1
P5__A__stereo__sine__retarget__48000__irregular__0p9__1__post__none,0,2,initial_bpm,120
P5__A__stereo__sine__retarget__48000__irregular__0p9__1__post__none,0,3,initial_style,A
P5__A__stereo__sine__retarget__48000__irregular__0p9__1__post__none,0,4,initial_route,stereo
P5__A__stereo__sine__retarget__48000__irregular__0p9__1__post__none,48000,0,free,0.375
P5__A__stereo__sine__retarget__48000__irregular__0p9__1__post__none,48240,0,free,0.125
P5__A__stereo__sine__retarget__48000__irregular__0p9__1__post__none,48432,0,free,0.300
P5__A__stereo__sine__retarget__96000__1__0p9__1__post__none,0,0,initial_free,0.250
P5__A__stereo__sine__retarget__96000__1__0p9__1__post__none,0,1,initial_sync_division,1
P5__A__stereo__sine__retarget__96000__1__0p9__1__post__none,0,2,initial_bpm,120
P5__A__stereo__sine__retarget__96000__1__0p9__1__post__none,0,3,initial_style,A
P5__A__stereo__sine__retarget__96000__1__0p9__1__post__none,0,4,initial_route,stereo
P5__A__stereo__sine__retarget__96000__1__0p9__1__post__none,96000,0,free,0.375
P5__A__stereo__sine__retarget__96000__1__0p9__1__post__none,96480,0,free,0.125
P5__A__stereo__sine__retarget__96000__1__0p9__1__post__none,96864,0,free,0.300
P5__A__stereo__sine__retarget__96000__64__0p9__1__post__none,0,0,initial_free,0.250
P5__A__stereo__sine__retarget__96000__64__0p9__1__post__none,0,1,initial_sync_division,1
P5__A__stereo__sine__retarget__96000__64__0p9__1__post__none,0,2,initial_bpm,120
P5__A__stereo__sine__retarget__96000__64__0p9__1__post__none,0,3,initial_style,A
P5__A__stereo__sine__retarget__96000__64__0p9__1__post__none,0,4,initial_route,stereo
P5__A__stereo__sine__retarget__96000__64__0p9__1__post__none,96000,0,free,0.375
P5__A__stereo__sine__retarget__96000__64__0p9__1__post__none,96480,0,free,0.125
P5__A__stereo__sine__retarget__96000__64__0p9__1__post__none,96864,0,free,0.300
P5__A__stereo__sine__retarget__96000__512__0p9__1__post__none,0,0,initial_free,0.250
P5__A__stereo__sine__retarget__96000__512__0p9__1__post__none,0,1,initial_sync_division,1
P5__A__stereo__sine__retarget__96000__512__0p9__1__post__none,0,2,initial_bpm,120
P5__A__stereo__sine__retarget__96000__512__0p9__1__post__none,0,3,initial_style,A
P5__A__stereo__sine__retarget__96000__512__0p9__1__post__none,0,4,initial_route,stereo
P5__A__stereo__sine__retarget__96000__512__0p9__1__post__none,96000,0,free,0.375
P5__A__stereo__sine__retarget__96000__512__0p9__1__post__none,96480,0,free,0.125
P5__A__stereo__sine__retarget__96000__512__0p9__1__post__none,96864,0,free,0.300
P5__A__stereo__sine__retarget__96000__irregular__0p9__1__post__none,0,0,initial_free,0.250
P5__A__stereo__sine__retarget__96000__irregular__0p9__1__post__none,0,1,initial_sync_division,1
P5__A__stereo__sine__retarget__96000__irregular__0p9__1__post__none,0,2,initial_bpm,120
P5__A__stereo__sine__retarget__96000__irregular__0p9__1__post__none,0,3,initial_style,A
P5__A__stereo__sine__retarget__96000__irregular__0p9__1__post__none,0,4,initial_route,stereo
P5__A__stereo__sine__retarget__96000__irregular__0p9__1__post__none,96000,0,free,0.375
P5__A__stereo__sine__retarget__96000__irregular__0p9__1__post__none,96480,0,free,0.125
P5__A__stereo__sine__retarget__96000__irregular__0p9__1__post__none,96864,0,free,0.300
P5__A__pingpong__sine__retarget__44100__1__0p9__1__post__none,0,0,initial_free,0.250
P5__A__pingpong__sine__retarget__44100__1__0p9__1__post__none,0,1,initial_sync_division,1
P5__A__pingpong__sine__retarget__44100__1__0p9__1__post__none,0,2,initial_bpm,120
P5__A__pingpong__sine__retarget__44100__1__0p9__1__post__none,0,3,initial_style,A
P5__A__pingpong__sine__retarget__44100__1__0p9__1__post__none,0,4,initial_route,pingpong
P5__A__pingpong__sine__retarget__44100__1__0p9__1__post__none,44100,0,free,0.375
P5__A__pingpong__sine__retarget__44100__1__0p9__1__post__none,44320,0,free,0.125
P5__A__pingpong__sine__retarget__44100__1__0p9__1__post__none,44497,0,free,0.300
P5__A__pingpong__sine__retarget__44100__64__0p9__1__post__none,0,0,initial_free,0.250
P5__A__pingpong__sine__retarget__44100__64__0p9__1__post__none,0,1,initial_sync_division,1
P5__A__pingpong__sine__retarget__44100__64__0p9__1__post__none,0,2,initial_bpm,120
P5__A__pingpong__sine__retarget__44100__64__0p9__1__post__none,0,3,initial_style,A
P5__A__pingpong__sine__retarget__44100__64__0p9__1__post__none,0,4,initial_route,pingpong
P5__A__pingpong__sine__retarget__44100__64__0p9__1__post__none,44100,0,free,0.375
P5__A__pingpong__sine__retarget__44100__64__0p9__1__post__none,44320,0,free,0.125
P5__A__pingpong__sine__retarget__44100__64__0p9__1__post__none,44497,0,free,0.300
P5__A__pingpong__sine__retarget__44100__512__0p9__1__post__none,0,0,initial_free,0.250
P5__A__pingpong__sine__retarget__44100__512__0p9__1__post__none,0,1,initial_sync_division,1
P5__A__pingpong__sine__retarget__44100__512__0p9__1__post__none,0,2,initial_bpm,120
P5__A__pingpong__sine__retarget__44100__512__0p9__1__post__none,0,3,initial_style,A
P5__A__pingpong__sine__retarget__44100__512__0p9__1__post__none,0,4,initial_route,pingpong
P5__A__pingpong__sine__retarget__44100__512__0p9__1__post__none,44100,0,free,0.375
P5__A__pingpong__sine__retarget__44100__512__0p9__1__post__none,44320,0,free,0.125
P5__A__pingpong__sine__retarget__44100__512__0p9__1__post__none,44497,0,free,0.300
P5__A__pingpong__sine__retarget__44100__irregular__0p9__1__post__none,0,0,initial_free,0.250
P5__A__pingpong__sine__retarget__44100__irregular__0p9__1__post__none,0,1,initial_sync_division,1
P5__A__pingpong__sine__retarget__44100__irregular__0p9__1__post__none,0,2,initial_bpm,120
P5__A__pingpong__sine__retarget__44100__irregular__0p9__1__post__none,0,3,initial_style,A
P5__A__pingpong__sine__retarget__44100__irregular__0p9__1__post__none,0,4,initial_route,pingpong
P5__A__pingpong__sine__retarget__44100__irregular__0p9__1__post__none,44100,0,free,0.375
P5__A__pingpong__sine__retarget__44100__irregular__0p9__1__post__none,44320,0,free,0.125
P5__A__pingpong__sine__retarget__44100__irregular__0p9__1__post__none,44497,0,free,0.300
P5__A__pingpong__sine__retarget__48000__1__0p9__1__post__none,0,0,initial_free,0.250
P5__A__pingpong__sine__retarget__48000__1__0p9__1__post__none,0,1,initial_sync_division,1
P5__A__pingpong__sine__retarget__48000__1__0p9__1__post__none,0,2,initial_bpm,120
P5__A__pingpong__sine__retarget__48000__1__0p9__1__post__none,0,3,initial_style,A
P5__A__pingpong__sine__retarget__48000__1__0p9__1__post__none,0,4,initial_route,pingpong
P5__A__pingpong__sine__retarget__48000__1__0p9__1__post__none,48000,0,free,0.375
P5__A__pingpong__sine__retarget__48000__1__0p9__1__post__none,48240,0,free,0.125
P5__A__pingpong__sine__retarget__48000__1__0p9__1__post__none,48432,0,free,0.300
P5__A__pingpong__sine__retarget__48000__64__0p9__1__post__none,0,0,initial_free,0.250
P5__A__pingpong__sine__retarget__48000__64__0p9__1__post__none,0,1,initial_sync_division,1
P5__A__pingpong__sine__retarget__48000__64__0p9__1__post__none,0,2,initial_bpm,120
P5__A__pingpong__sine__retarget__48000__64__0p9__1__post__none,0,3,initial_style,A
P5__A__pingpong__sine__retarget__48000__64__0p9__1__post__none,0,4,initial_route,pingpong
P5__A__pingpong__sine__retarget__48000__64__0p9__1__post__none,48000,0,free,0.375
P5__A__pingpong__sine__retarget__48000__64__0p9__1__post__none,48240,0,free,0.125
P5__A__pingpong__sine__retarget__48000__64__0p9__1__post__none,48432,0,free,0.300
P5__A__pingpong__sine__retarget__48000__512__0p9__1__post__none,0,0,initial_free,0.250
P5__A__pingpong__sine__retarget__48000__512__0p9__1__post__none,0,1,initial_sync_division,1
P5__A__pingpong__sine__retarget__48000__512__0p9__1__post__none,0,2,initial_bpm,120
P5__A__pingpong__sine__retarget__48000__512__0p9__1__post__none,0,3,initial_style,A
P5__A__pingpong__sine__retarget__48000__512__0p9__1__post__none,0,4,initial_route,pingpong
P5__A__pingpong__sine__retarget__48000__512__0p9__1__post__none,48000,0,free,0.375
P5__A__pingpong__sine__retarget__48000__512__0p9__1__post__none,48240,0,free,0.125
P5__A__pingpong__sine__retarget__48000__512__0p9__1__post__none,48432,0,free,0.300
P5__A__pingpong__sine__retarget__48000__irregular__0p9__1__post__none,0,0,initial_free,0.250
P5__A__pingpong__sine__retarget__48000__irregular__0p9__1__post__none,0,1,initial_sync_division,1
P5__A__pingpong__sine__retarget__48000__irregular__0p9__1__post__none,0,2,initial_bpm,120
P5__A__pingpong__sine__retarget__48000__irregular__0p9__1__post__none,0,3,initial_style,A
P5__A__pingpong__sine__retarget__48000__irregular__0p9__1__post__none,0,4,initial_route,pingpong
P5__A__pingpong__sine__retarget__48000__irregular__0p9__1__post__none,48000,0,free,0.375
P5__A__pingpong__sine__retarget__48000__irregular__0p9__1__post__none,48240,0,free,0.125
P5__A__pingpong__sine__retarget__48000__irregular__0p9__1__post__none,48432,0,free,0.300
P5__A__pingpong__sine__retarget__96000__1__0p9__1__post__none,0,0,initial_free,0.250
P5__A__pingpong__sine__retarget__96000__1__0p9__1__post__none,0,1,initial_sync_division,1
P5__A__pingpong__sine__retarget__96000__1__0p9__1__post__none,0,2,initial_bpm,120
P5__A__pingpong__sine__retarget__96000__1__0p9__1__post__none,0,3,initial_style,A
P5__A__pingpong__sine__retarget__96000__1__0p9__1__post__none,0,4,initial_route,pingpong
P5__A__pingpong__sine__retarget__96000__1__0p9__1__post__none,96000,0,free,0.375
P5__A__pingpong__sine__retarget__96000__1__0p9__1__post__none,96480,0,free,0.125
P5__A__pingpong__sine__retarget__96000__1__0p9__1__post__none,96864,0,free,0.300
P5__A__pingpong__sine__retarget__96000__64__0p9__1__post__none,0,0,initial_free,0.250
P5__A__pingpong__sine__retarget__96000__64__0p9__1__post__none,0,1,initial_sync_division,1
P5__A__pingpong__sine__retarget__96000__64__0p9__1__post__none,0,2,initial_bpm,120
P5__A__pingpong__sine__retarget__96000__64__0p9__1__post__none,0,3,initial_style,A
P5__A__pingpong__sine__retarget__96000__64__0p9__1__post__none,0,4,initial_route,pingpong
P5__A__pingpong__sine__retarget__96000__64__0p9__1__post__none,96000,0,free,0.375
P5__A__pingpong__sine__retarget__96000__64__0p9__1__post__none,96480,0,free,0.125
P5__A__pingpong__sine__retarget__96000__64__0p9__1__post__none,96864,0,free,0.300
P5__A__pingpong__sine__retarget__96000__512__0p9__1__post__none,0,0,initial_free,0.250
P5__A__pingpong__sine__retarget__96000__512__0p9__1__post__none,0,1,initial_sync_division,1
P5__A__pingpong__sine__retarget__96000__512__0p9__1__post__none,0,2,initial_bpm,120
P5__A__pingpong__sine__retarget__96000__512__0p9__1__post__none,0,3,initial_style,A
P5__A__pingpong__sine__retarget__96000__512__0p9__1__post__none,0,4,initial_route,pingpong
P5__A__pingpong__sine__retarget__96000__512__0p9__1__post__none,96000,0,free,0.375
P5__A__pingpong__sine__retarget__96000__512__0p9__1__post__none,96480,0,free,0.125
P5__A__pingpong__sine__retarget__96000__512__0p9__1__post__none,96864,0,free,0.300
P5__A__pingpong__sine__retarget__96000__irregular__0p9__1__post__none,0,0,initial_free,0.250
P5__A__pingpong__sine__retarget__96000__irregular__0p9__1__post__none,0,1,initial_sync_division,1
P5__A__pingpong__sine__retarget__96000__irregular__0p9__1__post__none,0,2,initial_bpm,120
P5__A__pingpong__sine__retarget__96000__irregular__0p9__1__post__none,0,3,initial_style,A
P5__A__pingpong__sine__retarget__96000__irregular__0p9__1__post__none,0,4,initial_route,pingpong
P5__A__pingpong__sine__retarget__96000__irregular__0p9__1__post__none,96000,0,free,0.375
P5__A__pingpong__sine__retarget__96000__irregular__0p9__1__post__none,96480,0,free,0.125
P5__A__pingpong__sine__retarget__96000__irregular__0p9__1__post__none,96864,0,free,0.300
P5__B__stereo__sine__retarget__44100__1__0p9__1__post__none,0,0,initial_free,0.250
P5__B__stereo__sine__retarget__44100__1__0p9__1__post__none,0,1,initial_sync_division,1
P5__B__stereo__sine__retarget__44100__1__0p9__1__post__none,0,2,initial_bpm,120
P5__B__stereo__sine__retarget__44100__1__0p9__1__post__none,0,3,initial_style,B
P5__B__stereo__sine__retarget__44100__1__0p9__1__post__none,0,4,initial_route,stereo
P5__B__stereo__sine__retarget__44100__1__0p9__1__post__none,44100,0,free,0.375
P5__B__stereo__sine__retarget__44100__1__0p9__1__post__none,44320,0,free,0.125
P5__B__stereo__sine__retarget__44100__1__0p9__1__post__none,44497,0,free,0.300
P5__B__stereo__sine__retarget__44100__64__0p9__1__post__none,0,0,initial_free,0.250
P5__B__stereo__sine__retarget__44100__64__0p9__1__post__none,0,1,initial_sync_division,1
P5__B__stereo__sine__retarget__44100__64__0p9__1__post__none,0,2,initial_bpm,120
P5__B__stereo__sine__retarget__44100__64__0p9__1__post__none,0,3,initial_style,B
P5__B__stereo__sine__retarget__44100__64__0p9__1__post__none,0,4,initial_route,stereo
P5__B__stereo__sine__retarget__44100__64__0p9__1__post__none,44100,0,free,0.375
P5__B__stereo__sine__retarget__44100__64__0p9__1__post__none,44320,0,free,0.125
P5__B__stereo__sine__retarget__44100__64__0p9__1__post__none,44497,0,free,0.300
P5__B__stereo__sine__retarget__44100__512__0p9__1__post__none,0,0,initial_free,0.250
P5__B__stereo__sine__retarget__44100__512__0p9__1__post__none,0,1,initial_sync_division,1
P5__B__stereo__sine__retarget__44100__512__0p9__1__post__none,0,2,initial_bpm,120
P5__B__stereo__sine__retarget__44100__512__0p9__1__post__none,0,3,initial_style,B
P5__B__stereo__sine__retarget__44100__512__0p9__1__post__none,0,4,initial_route,stereo
P5__B__stereo__sine__retarget__44100__512__0p9__1__post__none,44100,0,free,0.375
P5__B__stereo__sine__retarget__44100__512__0p9__1__post__none,44320,0,free,0.125
P5__B__stereo__sine__retarget__44100__512__0p9__1__post__none,44497,0,free,0.300
P5__B__stereo__sine__retarget__44100__irregular__0p9__1__post__none,0,0,initial_free,0.250
P5__B__stereo__sine__retarget__44100__irregular__0p9__1__post__none,0,1,initial_sync_division,1
P5__B__stereo__sine__retarget__44100__irregular__0p9__1__post__none,0,2,initial_bpm,120
P5__B__stereo__sine__retarget__44100__irregular__0p9__1__post__none,0,3,initial_style,B
P5__B__stereo__sine__retarget__44100__irregular__0p9__1__post__none,0,4,initial_route,stereo
P5__B__stereo__sine__retarget__44100__irregular__0p9__1__post__none,44100,0,free,0.375
P5__B__stereo__sine__retarget__44100__irregular__0p9__1__post__none,44320,0,free,0.125
P5__B__stereo__sine__retarget__44100__irregular__0p9__1__post__none,44497,0,free,0.300
P5__B__stereo__sine__retarget__48000__1__0p9__1__post__none,0,0,initial_free,0.250
P5__B__stereo__sine__retarget__48000__1__0p9__1__post__none,0,1,initial_sync_division,1
P5__B__stereo__sine__retarget__48000__1__0p9__1__post__none,0,2,initial_bpm,120
P5__B__stereo__sine__retarget__48000__1__0p9__1__post__none,0,3,initial_style,B
P5__B__stereo__sine__retarget__48000__1__0p9__1__post__none,0,4,initial_route,stereo
P5__B__stereo__sine__retarget__48000__1__0p9__1__post__none,48000,0,free,0.375
P5__B__stereo__sine__retarget__48000__1__0p9__1__post__none,48240,0,free,0.125
P5__B__stereo__sine__retarget__48000__1__0p9__1__post__none,48432,0,free,0.300
P5__B__stereo__sine__retarget__48000__64__0p9__1__post__none,0,0,initial_free,0.250
P5__B__stereo__sine__retarget__48000__64__0p9__1__post__none,0,1,initial_sync_division,1
P5__B__stereo__sine__retarget__48000__64__0p9__1__post__none,0,2,initial_bpm,120
P5__B__stereo__sine__retarget__48000__64__0p9__1__post__none,0,3,initial_style,B
P5__B__stereo__sine__retarget__48000__64__0p9__1__post__none,0,4,initial_route,stereo
P5__B__stereo__sine__retarget__48000__64__0p9__1__post__none,48000,0,free,0.375
P5__B__stereo__sine__retarget__48000__64__0p9__1__post__none,48240,0,free,0.125
P5__B__stereo__sine__retarget__48000__64__0p9__1__post__none,48432,0,free,0.300
P5__B__stereo__sine__retarget__48000__512__0p9__1__post__none,0,0,initial_free,0.250
P5__B__stereo__sine__retarget__48000__512__0p9__1__post__none,0,1,initial_sync_division,1
P5__B__stereo__sine__retarget__48000__512__0p9__1__post__none,0,2,initial_bpm,120
P5__B__stereo__sine__retarget__48000__512__0p9__1__post__none,0,3,initial_style,B
P5__B__stereo__sine__retarget__48000__512__0p9__1__post__none,0,4,initial_route,stereo
P5__B__stereo__sine__retarget__48000__512__0p9__1__post__none,48000,0,free,0.375
P5__B__stereo__sine__retarget__48000__512__0p9__1__post__none,48240,0,free,0.125
P5__B__stereo__sine__retarget__48000__512__0p9__1__post__none,48432,0,free,0.300
P5__B__stereo__sine__retarget__48000__irregular__0p9__1__post__none,0,0,initial_free,0.250
P5__B__stereo__sine__retarget__48000__irregular__0p9__1__post__none,0,1,initial_sync_division,1
P5__B__stereo__sine__retarget__48000__irregular__0p9__1__post__none,0,2,initial_bpm,120
P5__B__stereo__sine__retarget__48000__irregular__0p9__1__post__none,0,3,initial_style,B
P5__B__stereo__sine__retarget__48000__irregular__0p9__1__post__none,0,4,initial_route,stereo
P5__B__stereo__sine__retarget__48000__irregular__0p9__1__post__none,48000,0,free,0.375
P5__B__stereo__sine__retarget__48000__irregular__0p9__1__post__none,48240,0,free,0.125
P5__B__stereo__sine__retarget__48000__irregular__0p9__1__post__none,48432,0,free,0.300
P5__B__stereo__sine__retarget__96000__1__0p9__1__post__none,0,0,initial_free,0.250
P5__B__stereo__sine__retarget__96000__1__0p9__1__post__none,0,1,initial_sync_division,1
P5__B__stereo__sine__retarget__96000__1__0p9__1__post__none,0,2,initial_bpm,120
P5__B__stereo__sine__retarget__96000__1__0p9__1__post__none,0,3,initial_style,B
P5__B__stereo__sine__retarget__96000__1__0p9__1__post__none,0,4,initial_route,stereo
P5__B__stereo__sine__retarget__96000__1__0p9__1__post__none,96000,0,free,0.375
P5__B__stereo__sine__retarget__96000__1__0p9__1__post__none,96480,0,free,0.125
P5__B__stereo__sine__retarget__96000__1__0p9__1__post__none,96864,0,free,0.300
P5__B__stereo__sine__retarget__96000__64__0p9__1__post__none,0,0,initial_free,0.250
P5__B__stereo__sine__retarget__96000__64__0p9__1__post__none,0,1,initial_sync_division,1
P5__B__stereo__sine__retarget__96000__64__0p9__1__post__none,0,2,initial_bpm,120
P5__B__stereo__sine__retarget__96000__64__0p9__1__post__none,0,3,initial_style,B
P5__B__stereo__sine__retarget__96000__64__0p9__1__post__none,0,4,initial_route,stereo
P5__B__stereo__sine__retarget__96000__64__0p9__1__post__none,96000,0,free,0.375
P5__B__stereo__sine__retarget__96000__64__0p9__1__post__none,96480,0,free,0.125
P5__B__stereo__sine__retarget__96000__64__0p9__1__post__none,96864,0,free,0.300
P5__B__stereo__sine__retarget__96000__512__0p9__1__post__none,0,0,initial_free,0.250
P5__B__stereo__sine__retarget__96000__512__0p9__1__post__none,0,1,initial_sync_division,1
P5__B__stereo__sine__retarget__96000__512__0p9__1__post__none,0,2,initial_bpm,120
P5__B__stereo__sine__retarget__96000__512__0p9__1__post__none,0,3,initial_style,B
P5__B__stereo__sine__retarget__96000__512__0p9__1__post__none,0,4,initial_route,stereo
P5__B__stereo__sine__retarget__96000__512__0p9__1__post__none,96000,0,free,0.375
P5__B__stereo__sine__retarget__96000__512__0p9__1__post__none,96480,0,free,0.125
P5__B__stereo__sine__retarget__96000__512__0p9__1__post__none,96864,0,free,0.300
P5__B__stereo__sine__retarget__96000__irregular__0p9__1__post__none,0,0,initial_free,0.250
P5__B__stereo__sine__retarget__96000__irregular__0p9__1__post__none,0,1,initial_sync_division,1
P5__B__stereo__sine__retarget__96000__irregular__0p9__1__post__none,0,2,initial_bpm,120
P5__B__stereo__sine__retarget__96000__irregular__0p9__1__post__none,0,3,initial_style,B
P5__B__stereo__sine__retarget__96000__irregular__0p9__1__post__none,0,4,initial_route,stereo
P5__B__stereo__sine__retarget__96000__irregular__0p9__1__post__none,96000,0,free,0.375
P5__B__stereo__sine__retarget__96000__irregular__0p9__1__post__none,96480,0,free,0.125
P5__B__stereo__sine__retarget__96000__irregular__0p9__1__post__none,96864,0,free,0.300
P5__B__pingpong__sine__retarget__44100__1__0p9__1__post__none,0,0,initial_free,0.250
P5__B__pingpong__sine__retarget__44100__1__0p9__1__post__none,0,1,initial_sync_division,1
P5__B__pingpong__sine__retarget__44100__1__0p9__1__post__none,0,2,initial_bpm,120
P5__B__pingpong__sine__retarget__44100__1__0p9__1__post__none,0,3,initial_style,B
P5__B__pingpong__sine__retarget__44100__1__0p9__1__post__none,0,4,initial_route,pingpong
P5__B__pingpong__sine__retarget__44100__1__0p9__1__post__none,44100,0,free,0.375
P5__B__pingpong__sine__retarget__44100__1__0p9__1__post__none,44320,0,free,0.125
P5__B__pingpong__sine__retarget__44100__1__0p9__1__post__none,44497,0,free,0.300
P5__B__pingpong__sine__retarget__44100__64__0p9__1__post__none,0,0,initial_free,0.250
P5__B__pingpong__sine__retarget__44100__64__0p9__1__post__none,0,1,initial_sync_division,1
P5__B__pingpong__sine__retarget__44100__64__0p9__1__post__none,0,2,initial_bpm,120
P5__B__pingpong__sine__retarget__44100__64__0p9__1__post__none,0,3,initial_style,B
P5__B__pingpong__sine__retarget__44100__64__0p9__1__post__none,0,4,initial_route,pingpong
P5__B__pingpong__sine__retarget__44100__64__0p9__1__post__none,44100,0,free,0.375
P5__B__pingpong__sine__retarget__44100__64__0p9__1__post__none,44320,0,free,0.125
P5__B__pingpong__sine__retarget__44100__64__0p9__1__post__none,44497,0,free,0.300
P5__B__pingpong__sine__retarget__44100__512__0p9__1__post__none,0,0,initial_free,0.250
P5__B__pingpong__sine__retarget__44100__512__0p9__1__post__none,0,1,initial_sync_division,1
P5__B__pingpong__sine__retarget__44100__512__0p9__1__post__none,0,2,initial_bpm,120
P5__B__pingpong__sine__retarget__44100__512__0p9__1__post__none,0,3,initial_style,B
P5__B__pingpong__sine__retarget__44100__512__0p9__1__post__none,0,4,initial_route,pingpong
P5__B__pingpong__sine__retarget__44100__512__0p9__1__post__none,44100,0,free,0.375
P5__B__pingpong__sine__retarget__44100__512__0p9__1__post__none,44320,0,free,0.125
P5__B__pingpong__sine__retarget__44100__512__0p9__1__post__none,44497,0,free,0.300
P5__B__pingpong__sine__retarget__44100__irregular__0p9__1__post__none,0,0,initial_free,0.250
P5__B__pingpong__sine__retarget__44100__irregular__0p9__1__post__none,0,1,initial_sync_division,1
P5__B__pingpong__sine__retarget__44100__irregular__0p9__1__post__none,0,2,initial_bpm,120
P5__B__pingpong__sine__retarget__44100__irregular__0p9__1__post__none,0,3,initial_style,B
P5__B__pingpong__sine__retarget__44100__irregular__0p9__1__post__none,0,4,initial_route,pingpong
P5__B__pingpong__sine__retarget__44100__irregular__0p9__1__post__none,44100,0,free,0.375
P5__B__pingpong__sine__retarget__44100__irregular__0p9__1__post__none,44320,0,free,0.125
P5__B__pingpong__sine__retarget__44100__irregular__0p9__1__post__none,44497,0,free,0.300
P5__B__pingpong__sine__retarget__48000__1__0p9__1__post__none,0,0,initial_free,0.250
P5__B__pingpong__sine__retarget__48000__1__0p9__1__post__none,0,1,initial_sync_division,1
P5__B__pingpong__sine__retarget__48000__1__0p9__1__post__none,0,2,initial_bpm,120
P5__B__pingpong__sine__retarget__48000__1__0p9__1__post__none,0,3,initial_style,B
P5__B__pingpong__sine__retarget__48000__1__0p9__1__post__none,0,4,initial_route,pingpong
P5__B__pingpong__sine__retarget__48000__1__0p9__1__post__none,48000,0,free,0.375
P5__B__pingpong__sine__retarget__48000__1__0p9__1__post__none,48240,0,free,0.125
P5__B__pingpong__sine__retarget__48000__1__0p9__1__post__none,48432,0,free,0.300
P5__B__pingpong__sine__retarget__48000__64__0p9__1__post__none,0,0,initial_free,0.250
P5__B__pingpong__sine__retarget__48000__64__0p9__1__post__none,0,1,initial_sync_division,1
P5__B__pingpong__sine__retarget__48000__64__0p9__1__post__none,0,2,initial_bpm,120
P5__B__pingpong__sine__retarget__48000__64__0p9__1__post__none,0,3,initial_style,B
P5__B__pingpong__sine__retarget__48000__64__0p9__1__post__none,0,4,initial_route,pingpong
P5__B__pingpong__sine__retarget__48000__64__0p9__1__post__none,48000,0,free,0.375
P5__B__pingpong__sine__retarget__48000__64__0p9__1__post__none,48240,0,free,0.125
P5__B__pingpong__sine__retarget__48000__64__0p9__1__post__none,48432,0,free,0.300
P5__B__pingpong__sine__retarget__48000__512__0p9__1__post__none,0,0,initial_free,0.250
P5__B__pingpong__sine__retarget__48000__512__0p9__1__post__none,0,1,initial_sync_division,1
P5__B__pingpong__sine__retarget__48000__512__0p9__1__post__none,0,2,initial_bpm,120
P5__B__pingpong__sine__retarget__48000__512__0p9__1__post__none,0,3,initial_style,B
P5__B__pingpong__sine__retarget__48000__512__0p9__1__post__none,0,4,initial_route,pingpong
P5__B__pingpong__sine__retarget__48000__512__0p9__1__post__none,48000,0,free,0.375
P5__B__pingpong__sine__retarget__48000__512__0p9__1__post__none,48240,0,free,0.125
P5__B__pingpong__sine__retarget__48000__512__0p9__1__post__none,48432,0,free,0.300
P5__B__pingpong__sine__retarget__48000__irregular__0p9__1__post__none,0,0,initial_free,0.250
P5__B__pingpong__sine__retarget__48000__irregular__0p9__1__post__none,0,1,initial_sync_division,1
P5__B__pingpong__sine__retarget__48000__irregular__0p9__1__post__none,0,2,initial_bpm,120
P5__B__pingpong__sine__retarget__48000__irregular__0p9__1__post__none,0,3,initial_style,B
P5__B__pingpong__sine__retarget__48000__irregular__0p9__1__post__none,0,4,initial_route,pingpong
P5__B__pingpong__sine__retarget__48000__irregular__0p9__1__post__none,48000,0,free,0.375
P5__B__pingpong__sine__retarget__48000__irregular__0p9__1__post__none,48240,0,free,0.125
P5__B__pingpong__sine__retarget__48000__irregular__0p9__1__post__none,48432,0,free,0.300
P5__B__pingpong__sine__retarget__96000__1__0p9__1__post__none,0,0,initial_free,0.250
P5__B__pingpong__sine__retarget__96000__1__0p9__1__post__none,0,1,initial_sync_division,1
P5__B__pingpong__sine__retarget__96000__1__0p9__1__post__none,0,2,initial_bpm,120
P5__B__pingpong__sine__retarget__96000__1__0p9__1__post__none,0,3,initial_style,B
P5__B__pingpong__sine__retarget__96000__1__0p9__1__post__none,0,4,initial_route,pingpong
P5__B__pingpong__sine__retarget__96000__1__0p9__1__post__none,96000,0,free,0.375
P5__B__pingpong__sine__retarget__96000__1__0p9__1__post__none,96480,0,free,0.125
P5__B__pingpong__sine__retarget__96000__1__0p9__1__post__none,96864,0,free,0.300
P5__B__pingpong__sine__retarget__96000__64__0p9__1__post__none,0,0,initial_free,0.250
P5__B__pingpong__sine__retarget__96000__64__0p9__1__post__none,0,1,initial_sync_division,1
P5__B__pingpong__sine__retarget__96000__64__0p9__1__post__none,0,2,initial_bpm,120
P5__B__pingpong__sine__retarget__96000__64__0p9__1__post__none,0,3,initial_style,B
P5__B__pingpong__sine__retarget__96000__64__0p9__1__post__none,0,4,initial_route,pingpong
P5__B__pingpong__sine__retarget__96000__64__0p9__1__post__none,96000,0,free,0.375
P5__B__pingpong__sine__retarget__96000__64__0p9__1__post__none,96480,0,free,0.125
P5__B__pingpong__sine__retarget__96000__64__0p9__1__post__none,96864,0,free,0.300
P5__B__pingpong__sine__retarget__96000__512__0p9__1__post__none,0,0,initial_free,0.250
P5__B__pingpong__sine__retarget__96000__512__0p9__1__post__none,0,1,initial_sync_division,1
P5__B__pingpong__sine__retarget__96000__512__0p9__1__post__none,0,2,initial_bpm,120
P5__B__pingpong__sine__retarget__96000__512__0p9__1__post__none,0,3,initial_style,B
P5__B__pingpong__sine__retarget__96000__512__0p9__1__post__none,0,4,initial_route,pingpong
P5__B__pingpong__sine__retarget__96000__512__0p9__1__post__none,96000,0,free,0.375
P5__B__pingpong__sine__retarget__96000__512__0p9__1__post__none,96480,0,free,0.125
P5__B__pingpong__sine__retarget__96000__512__0p9__1__post__none,96864,0,free,0.300
P5__B__pingpong__sine__retarget__96000__irregular__0p9__1__post__none,0,0,initial_free,0.250
P5__B__pingpong__sine__retarget__96000__irregular__0p9__1__post__none,0,1,initial_sync_division,1
P5__B__pingpong__sine__retarget__96000__irregular__0p9__1__post__none,0,2,initial_bpm,120
P5__B__pingpong__sine__retarget__96000__irregular__0p9__1__post__none,0,3,initial_style,B
P5__B__pingpong__sine__retarget__96000__irregular__0p9__1__post__none,0,4,initial_route,pingpong
P5__B__pingpong__sine__retarget__96000__irregular__0p9__1__post__none,96000,0,free,0.375
P5__B__pingpong__sine__retarget__96000__irregular__0p9__1__post__none,96480,0,free,0.125
P5__B__pingpong__sine__retarget__96000__irregular__0p9__1__post__none,96864,0,free,0.300
P5__C__stereo__sine__retarget__44100__1__0p9__1__post__none,0,0,initial_free,0.250
P5__C__stereo__sine__retarget__44100__1__0p9__1__post__none,0,1,initial_sync_division,1
P5__C__stereo__sine__retarget__44100__1__0p9__1__post__none,0,2,initial_bpm,120
P5__C__stereo__sine__retarget__44100__1__0p9__1__post__none,0,3,initial_style,C
P5__C__stereo__sine__retarget__44100__1__0p9__1__post__none,0,4,initial_route,stereo
P5__C__stereo__sine__retarget__44100__1__0p9__1__post__none,44100,0,free,0.375
P5__C__stereo__sine__retarget__44100__1__0p9__1__post__none,44320,0,free,0.125
P5__C__stereo__sine__retarget__44100__1__0p9__1__post__none,44497,0,free,0.300
P5__C__stereo__sine__retarget__44100__64__0p9__1__post__none,0,0,initial_free,0.250
P5__C__stereo__sine__retarget__44100__64__0p9__1__post__none,0,1,initial_sync_division,1
P5__C__stereo__sine__retarget__44100__64__0p9__1__post__none,0,2,initial_bpm,120
P5__C__stereo__sine__retarget__44100__64__0p9__1__post__none,0,3,initial_style,C
P5__C__stereo__sine__retarget__44100__64__0p9__1__post__none,0,4,initial_route,stereo
P5__C__stereo__sine__retarget__44100__64__0p9__1__post__none,44100,0,free,0.375
P5__C__stereo__sine__retarget__44100__64__0p9__1__post__none,44320,0,free,0.125
P5__C__stereo__sine__retarget__44100__64__0p9__1__post__none,44497,0,free,0.300
P5__C__stereo__sine__retarget__44100__512__0p9__1__post__none,0,0,initial_free,0.250
P5__C__stereo__sine__retarget__44100__512__0p9__1__post__none,0,1,initial_sync_division,1
P5__C__stereo__sine__retarget__44100__512__0p9__1__post__none,0,2,initial_bpm,120
P5__C__stereo__sine__retarget__44100__512__0p9__1__post__none,0,3,initial_style,C
P5__C__stereo__sine__retarget__44100__512__0p9__1__post__none,0,4,initial_route,stereo
P5__C__stereo__sine__retarget__44100__512__0p9__1__post__none,44100,0,free,0.375
P5__C__stereo__sine__retarget__44100__512__0p9__1__post__none,44320,0,free,0.125
P5__C__stereo__sine__retarget__44100__512__0p9__1__post__none,44497,0,free,0.300
P5__C__stereo__sine__retarget__44100__irregular__0p9__1__post__none,0,0,initial_free,0.250
P5__C__stereo__sine__retarget__44100__irregular__0p9__1__post__none,0,1,initial_sync_division,1
P5__C__stereo__sine__retarget__44100__irregular__0p9__1__post__none,0,2,initial_bpm,120
P5__C__stereo__sine__retarget__44100__irregular__0p9__1__post__none,0,3,initial_style,C
P5__C__stereo__sine__retarget__44100__irregular__0p9__1__post__none,0,4,initial_route,stereo
P5__C__stereo__sine__retarget__44100__irregular__0p9__1__post__none,44100,0,free,0.375
P5__C__stereo__sine__retarget__44100__irregular__0p9__1__post__none,44320,0,free,0.125
P5__C__stereo__sine__retarget__44100__irregular__0p9__1__post__none,44497,0,free,0.300
P5__C__stereo__sine__retarget__48000__1__0p9__1__post__none,0,0,initial_free,0.250
P5__C__stereo__sine__retarget__48000__1__0p9__1__post__none,0,1,initial_sync_division,1
P5__C__stereo__sine__retarget__48000__1__0p9__1__post__none,0,2,initial_bpm,120
P5__C__stereo__sine__retarget__48000__1__0p9__1__post__none,0,3,initial_style,C
P5__C__stereo__sine__retarget__48000__1__0p9__1__post__none,0,4,initial_route,stereo
P5__C__stereo__sine__retarget__48000__1__0p9__1__post__none,48000,0,free,0.375
P5__C__stereo__sine__retarget__48000__1__0p9__1__post__none,48240,0,free,0.125
P5__C__stereo__sine__retarget__48000__1__0p9__1__post__none,48432,0,free,0.300
P5__C__stereo__sine__retarget__48000__64__0p9__1__post__none,0,0,initial_free,0.250
P5__C__stereo__sine__retarget__48000__64__0p9__1__post__none,0,1,initial_sync_division,1
P5__C__stereo__sine__retarget__48000__64__0p9__1__post__none,0,2,initial_bpm,120
P5__C__stereo__sine__retarget__48000__64__0p9__1__post__none,0,3,initial_style,C
P5__C__stereo__sine__retarget__48000__64__0p9__1__post__none,0,4,initial_route,stereo
P5__C__stereo__sine__retarget__48000__64__0p9__1__post__none,48000,0,free,0.375
P5__C__stereo__sine__retarget__48000__64__0p9__1__post__none,48240,0,free,0.125
P5__C__stereo__sine__retarget__48000__64__0p9__1__post__none,48432,0,free,0.300
P5__C__stereo__sine__retarget__48000__512__0p9__1__post__none,0,0,initial_free,0.250
P5__C__stereo__sine__retarget__48000__512__0p9__1__post__none,0,1,initial_sync_division,1
P5__C__stereo__sine__retarget__48000__512__0p9__1__post__none,0,2,initial_bpm,120
P5__C__stereo__sine__retarget__48000__512__0p9__1__post__none,0,3,initial_style,C
P5__C__stereo__sine__retarget__48000__512__0p9__1__post__none,0,4,initial_route,stereo
P5__C__stereo__sine__retarget__48000__512__0p9__1__post__none,48000,0,free,0.375
P5__C__stereo__sine__retarget__48000__512__0p9__1__post__none,48240,0,free,0.125
P5__C__stereo__sine__retarget__48000__512__0p9__1__post__none,48432,0,free,0.300
P5__C__stereo__sine__retarget__48000__irregular__0p9__1__post__none,0,0,initial_free,0.250
P5__C__stereo__sine__retarget__48000__irregular__0p9__1__post__none,0,1,initial_sync_division,1
P5__C__stereo__sine__retarget__48000__irregular__0p9__1__post__none,0,2,initial_bpm,120
P5__C__stereo__sine__retarget__48000__irregular__0p9__1__post__none,0,3,initial_style,C
P5__C__stereo__sine__retarget__48000__irregular__0p9__1__post__none,0,4,initial_route,stereo
P5__C__stereo__sine__retarget__48000__irregular__0p9__1__post__none,48000,0,free,0.375
P5__C__stereo__sine__retarget__48000__irregular__0p9__1__post__none,48240,0,free,0.125
P5__C__stereo__sine__retarget__48000__irregular__0p9__1__post__none,48432,0,free,0.300
P5__C__stereo__sine__retarget__96000__1__0p9__1__post__none,0,0,initial_free,0.250
P5__C__stereo__sine__retarget__96000__1__0p9__1__post__none,0,1,initial_sync_division,1
P5__C__stereo__sine__retarget__96000__1__0p9__1__post__none,0,2,initial_bpm,120
P5__C__stereo__sine__retarget__96000__1__0p9__1__post__none,0,3,initial_style,C
P5__C__stereo__sine__retarget__96000__1__0p9__1__post__none,0,4,initial_route,stereo
P5__C__stereo__sine__retarget__96000__1__0p9__1__post__none,96000,0,free,0.375
P5__C__stereo__sine__retarget__96000__1__0p9__1__post__none,96480,0,free,0.125
P5__C__stereo__sine__retarget__96000__1__0p9__1__post__none,96864,0,free,0.300
P5__C__stereo__sine__retarget__96000__64__0p9__1__post__none,0,0,initial_free,0.250
P5__C__stereo__sine__retarget__96000__64__0p9__1__post__none,0,1,initial_sync_division,1
P5__C__stereo__sine__retarget__96000__64__0p9__1__post__none,0,2,initial_bpm,120
P5__C__stereo__sine__retarget__96000__64__0p9__1__post__none,0,3,initial_style,C
P5__C__stereo__sine__retarget__96000__64__0p9__1__post__none,0,4,initial_route,stereo
P5__C__stereo__sine__retarget__96000__64__0p9__1__post__none,96000,0,free,0.375
P5__C__stereo__sine__retarget__96000__64__0p9__1__post__none,96480,0,free,0.125
P5__C__stereo__sine__retarget__96000__64__0p9__1__post__none,96864,0,free,0.300
P5__C__stereo__sine__retarget__96000__512__0p9__1__post__none,0,0,initial_free,0.250
P5__C__stereo__sine__retarget__96000__512__0p9__1__post__none,0,1,initial_sync_division,1
P5__C__stereo__sine__retarget__96000__512__0p9__1__post__none,0,2,initial_bpm,120
P5__C__stereo__sine__retarget__96000__512__0p9__1__post__none,0,3,initial_style,C
P5__C__stereo__sine__retarget__96000__512__0p9__1__post__none,0,4,initial_route,stereo
P5__C__stereo__sine__retarget__96000__512__0p9__1__post__none,96000,0,free,0.375
P5__C__stereo__sine__retarget__96000__512__0p9__1__post__none,96480,0,free,0.125
P5__C__stereo__sine__retarget__96000__512__0p9__1__post__none,96864,0,free,0.300
P5__C__stereo__sine__retarget__96000__irregular__0p9__1__post__none,0,0,initial_free,0.250
P5__C__stereo__sine__retarget__96000__irregular__0p9__1__post__none,0,1,initial_sync_division,1
P5__C__stereo__sine__retarget__96000__irregular__0p9__1__post__none,0,2,initial_bpm,120
P5__C__stereo__sine__retarget__96000__irregular__0p9__1__post__none,0,3,initial_style,C
P5__C__stereo__sine__retarget__96000__irregular__0p9__1__post__none,0,4,initial_route,stereo
P5__C__stereo__sine__retarget__96000__irregular__0p9__1__post__none,96000,0,free,0.375
P5__C__stereo__sine__retarget__96000__irregular__0p9__1__post__none,96480,0,free,0.125
P5__C__stereo__sine__retarget__96000__irregular__0p9__1__post__none,96864,0,free,0.300
P5__C__pingpong__sine__retarget__44100__1__0p9__1__post__none,0,0,initial_free,0.250
P5__C__pingpong__sine__retarget__44100__1__0p9__1__post__none,0,1,initial_sync_division,1
P5__C__pingpong__sine__retarget__44100__1__0p9__1__post__none,0,2,initial_bpm,120
P5__C__pingpong__sine__retarget__44100__1__0p9__1__post__none,0,3,initial_style,C
P5__C__pingpong__sine__retarget__44100__1__0p9__1__post__none,0,4,initial_route,pingpong
P5__C__pingpong__sine__retarget__44100__1__0p9__1__post__none,44100,0,free,0.375
P5__C__pingpong__sine__retarget__44100__1__0p9__1__post__none,44320,0,free,0.125
P5__C__pingpong__sine__retarget__44100__1__0p9__1__post__none,44497,0,free,0.300
P5__C__pingpong__sine__retarget__44100__64__0p9__1__post__none,0,0,initial_free,0.250
P5__C__pingpong__sine__retarget__44100__64__0p9__1__post__none,0,1,initial_sync_division,1
P5__C__pingpong__sine__retarget__44100__64__0p9__1__post__none,0,2,initial_bpm,120
P5__C__pingpong__sine__retarget__44100__64__0p9__1__post__none,0,3,initial_style,C
P5__C__pingpong__sine__retarget__44100__64__0p9__1__post__none,0,4,initial_route,pingpong
P5__C__pingpong__sine__retarget__44100__64__0p9__1__post__none,44100,0,free,0.375
P5__C__pingpong__sine__retarget__44100__64__0p9__1__post__none,44320,0,free,0.125
P5__C__pingpong__sine__retarget__44100__64__0p9__1__post__none,44497,0,free,0.300
P5__C__pingpong__sine__retarget__44100__512__0p9__1__post__none,0,0,initial_free,0.250
P5__C__pingpong__sine__retarget__44100__512__0p9__1__post__none,0,1,initial_sync_division,1
P5__C__pingpong__sine__retarget__44100__512__0p9__1__post__none,0,2,initial_bpm,120
P5__C__pingpong__sine__retarget__44100__512__0p9__1__post__none,0,3,initial_style,C
P5__C__pingpong__sine__retarget__44100__512__0p9__1__post__none,0,4,initial_route,pingpong
P5__C__pingpong__sine__retarget__44100__512__0p9__1__post__none,44100,0,free,0.375
P5__C__pingpong__sine__retarget__44100__512__0p9__1__post__none,44320,0,free,0.125
P5__C__pingpong__sine__retarget__44100__512__0p9__1__post__none,44497,0,free,0.300
P5__C__pingpong__sine__retarget__44100__irregular__0p9__1__post__none,0,0,initial_free,0.250
P5__C__pingpong__sine__retarget__44100__irregular__0p9__1__post__none,0,1,initial_sync_division,1
P5__C__pingpong__sine__retarget__44100__irregular__0p9__1__post__none,0,2,initial_bpm,120
P5__C__pingpong__sine__retarget__44100__irregular__0p9__1__post__none,0,3,initial_style,C
P5__C__pingpong__sine__retarget__44100__irregular__0p9__1__post__none,0,4,initial_route,pingpong
P5__C__pingpong__sine__retarget__44100__irregular__0p9__1__post__none,44100,0,free,0.375
P5__C__pingpong__sine__retarget__44100__irregular__0p9__1__post__none,44320,0,free,0.125
P5__C__pingpong__sine__retarget__44100__irregular__0p9__1__post__none,44497,0,free,0.300
P5__C__pingpong__sine__retarget__48000__1__0p9__1__post__none,0,0,initial_free,0.250
P5__C__pingpong__sine__retarget__48000__1__0p9__1__post__none,0,1,initial_sync_division,1
P5__C__pingpong__sine__retarget__48000__1__0p9__1__post__none,0,2,initial_bpm,120
P5__C__pingpong__sine__retarget__48000__1__0p9__1__post__none,0,3,initial_style,C
P5__C__pingpong__sine__retarget__48000__1__0p9__1__post__none,0,4,initial_route,pingpong
P5__C__pingpong__sine__retarget__48000__1__0p9__1__post__none,48000,0,free,0.375
P5__C__pingpong__sine__retarget__48000__1__0p9__1__post__none,48240,0,free,0.125
P5__C__pingpong__sine__retarget__48000__1__0p9__1__post__none,48432,0,free,0.300
P5__C__pingpong__sine__retarget__48000__64__0p9__1__post__none,0,0,initial_free,0.250
P5__C__pingpong__sine__retarget__48000__64__0p9__1__post__none,0,1,initial_sync_division,1
P5__C__pingpong__sine__retarget__48000__64__0p9__1__post__none,0,2,initial_bpm,120
P5__C__pingpong__sine__retarget__48000__64__0p9__1__post__none,0,3,initial_style,C
P5__C__pingpong__sine__retarget__48000__64__0p9__1__post__none,0,4,initial_route,pingpong
P5__C__pingpong__sine__retarget__48000__64__0p9__1__post__none,48000,0,free,0.375
P5__C__pingpong__sine__retarget__48000__64__0p9__1__post__none,48240,0,free,0.125
P5__C__pingpong__sine__retarget__48000__64__0p9__1__post__none,48432,0,free,0.300
P5__C__pingpong__sine__retarget__48000__512__0p9__1__post__none,0,0,initial_free,0.250
P5__C__pingpong__sine__retarget__48000__512__0p9__1__post__none,0,1,initial_sync_division,1
P5__C__pingpong__sine__retarget__48000__512__0p9__1__post__none,0,2,initial_bpm,120
P5__C__pingpong__sine__retarget__48000__512__0p9__1__post__none,0,3,initial_style,C
P5__C__pingpong__sine__retarget__48000__512__0p9__1__post__none,0,4,initial_route,pingpong
P5__C__pingpong__sine__retarget__48000__512__0p9__1__post__none,48000,0,free,0.375
P5__C__pingpong__sine__retarget__48000__512__0p9__1__post__none,48240,0,free,0.125
P5__C__pingpong__sine__retarget__48000__512__0p9__1__post__none,48432,0,free,0.300
P5__C__pingpong__sine__retarget__48000__irregular__0p9__1__post__none,0,0,initial_free,0.250
P5__C__pingpong__sine__retarget__48000__irregular__0p9__1__post__none,0,1,initial_sync_division,1
P5__C__pingpong__sine__retarget__48000__irregular__0p9__1__post__none,0,2,initial_bpm,120
P5__C__pingpong__sine__retarget__48000__irregular__0p9__1__post__none,0,3,initial_style,C
P5__C__pingpong__sine__retarget__48000__irregular__0p9__1__post__none,0,4,initial_route,pingpong
P5__C__pingpong__sine__retarget__48000__irregular__0p9__1__post__none,48000,0,free,0.375
P5__C__pingpong__sine__retarget__48000__irregular__0p9__1__post__none,48240,0,free,0.125
P5__C__pingpong__sine__retarget__48000__irregular__0p9__1__post__none,48432,0,free,0.300
P5__C__pingpong__sine__retarget__96000__1__0p9__1__post__none,0,0,initial_free,0.250
P5__C__pingpong__sine__retarget__96000__1__0p9__1__post__none,0,1,initial_sync_division,1
P5__C__pingpong__sine__retarget__96000__1__0p9__1__post__none,0,2,initial_bpm,120
P5__C__pingpong__sine__retarget__96000__1__0p9__1__post__none,0,3,initial_style,C
P5__C__pingpong__sine__retarget__96000__1__0p9__1__post__none,0,4,initial_route,pingpong
P5__C__pingpong__sine__retarget__96000__1__0p9__1__post__none,96000,0,free,0.375
P5__C__pingpong__sine__retarget__96000__1__0p9__1__post__none,96480,0,free,0.125
P5__C__pingpong__sine__retarget__96000__1__0p9__1__post__none,96864,0,free,0.300
P5__C__pingpong__sine__retarget__96000__64__0p9__1__post__none,0,0,initial_free,0.250
P5__C__pingpong__sine__retarget__96000__64__0p9__1__post__none,0,1,initial_sync_division,1
P5__C__pingpong__sine__retarget__96000__64__0p9__1__post__none,0,2,initial_bpm,120
P5__C__pingpong__sine__retarget__96000__64__0p9__1__post__none,0,3,initial_style,C
P5__C__pingpong__sine__retarget__96000__64__0p9__1__post__none,0,4,initial_route,pingpong
P5__C__pingpong__sine__retarget__96000__64__0p9__1__post__none,96000,0,free,0.375
P5__C__pingpong__sine__retarget__96000__64__0p9__1__post__none,96480,0,free,0.125
P5__C__pingpong__sine__retarget__96000__64__0p9__1__post__none,96864,0,free,0.300
P5__C__pingpong__sine__retarget__96000__512__0p9__1__post__none,0,0,initial_free,0.250
P5__C__pingpong__sine__retarget__96000__512__0p9__1__post__none,0,1,initial_sync_division,1
P5__C__pingpong__sine__retarget__96000__512__0p9__1__post__none,0,2,initial_bpm,120
P5__C__pingpong__sine__retarget__96000__512__0p9__1__post__none,0,3,initial_style,C
P5__C__pingpong__sine__retarget__96000__512__0p9__1__post__none,0,4,initial_route,pingpong
P5__C__pingpong__sine__retarget__96000__512__0p9__1__post__none,96000,0,free,0.375
P5__C__pingpong__sine__retarget__96000__512__0p9__1__post__none,96480,0,free,0.125
P5__C__pingpong__sine__retarget__96000__512__0p9__1__post__none,96864,0,free,0.300
P5__C__pingpong__sine__retarget__96000__irregular__0p9__1__post__none,0,0,initial_free,0.250
P5__C__pingpong__sine__retarget__96000__irregular__0p9__1__post__none,0,1,initial_sync_division,1
P5__C__pingpong__sine__retarget__96000__irregular__0p9__1__post__none,0,2,initial_bpm,120
P5__C__pingpong__sine__retarget__96000__irregular__0p9__1__post__none,0,3,initial_style,C
P5__C__pingpong__sine__retarget__96000__irregular__0p9__1__post__none,0,4,initial_route,pingpong
P5__C__pingpong__sine__retarget__96000__irregular__0p9__1__post__none,96000,0,free,0.375
P5__C__pingpong__sine__retarget__96000__irregular__0p9__1__post__none,96480,0,free,0.125
P5__C__pingpong__sine__retarget__96000__irregular__0p9__1__post__none,96864,0,free,0.300
P6__A__stereo__step__routing__44100__1__0p9__1__post__none,0,0,initial_free,0.250
P6__A__stereo__step__routing__44100__1__0p9__1__post__none,0,1,initial_sync_division,1
P6__A__stereo__step__routing__44100__1__0p9__1__post__none,0,2,initial_bpm,120
P6__A__stereo__step__routing__44100__1__0p9__1__post__none,0,3,initial_style,A
P6__A__stereo__step__routing__44100__1__0p9__1__post__none,0,4,initial_route,stereo
P6__A__stereo__step__routing__44100__1__0p9__1__post__none,44100,0,route,pingpong
P6__A__stereo__step__routing__44100__1__0p9__1__post__none,44320,0,route,stereo
P6__A__stereo__step__routing__44100__1__0p9__1__post__none,44497,0,route,pingpong
P6__A__stereo__step__routing__44100__64__0p9__1__post__none,0,0,initial_free,0.250
P6__A__stereo__step__routing__44100__64__0p9__1__post__none,0,1,initial_sync_division,1
P6__A__stereo__step__routing__44100__64__0p9__1__post__none,0,2,initial_bpm,120
P6__A__stereo__step__routing__44100__64__0p9__1__post__none,0,3,initial_style,A
P6__A__stereo__step__routing__44100__64__0p9__1__post__none,0,4,initial_route,stereo
P6__A__stereo__step__routing__44100__64__0p9__1__post__none,44100,0,route,pingpong
P6__A__stereo__step__routing__44100__64__0p9__1__post__none,44320,0,route,stereo
P6__A__stereo__step__routing__44100__64__0p9__1__post__none,44497,0,route,pingpong
P6__A__stereo__step__routing__44100__512__0p9__1__post__none,0,0,initial_free,0.250
P6__A__stereo__step__routing__44100__512__0p9__1__post__none,0,1,initial_sync_division,1
P6__A__stereo__step__routing__44100__512__0p9__1__post__none,0,2,initial_bpm,120
P6__A__stereo__step__routing__44100__512__0p9__1__post__none,0,3,initial_style,A
P6__A__stereo__step__routing__44100__512__0p9__1__post__none,0,4,initial_route,stereo
P6__A__stereo__step__routing__44100__512__0p9__1__post__none,44100,0,route,pingpong
P6__A__stereo__step__routing__44100__512__0p9__1__post__none,44320,0,route,stereo
P6__A__stereo__step__routing__44100__512__0p9__1__post__none,44497,0,route,pingpong
P6__A__stereo__step__routing__44100__irregular__0p9__1__post__none,0,0,initial_free,0.250
P6__A__stereo__step__routing__44100__irregular__0p9__1__post__none,0,1,initial_sync_division,1
P6__A__stereo__step__routing__44100__irregular__0p9__1__post__none,0,2,initial_bpm,120
P6__A__stereo__step__routing__44100__irregular__0p9__1__post__none,0,3,initial_style,A
P6__A__stereo__step__routing__44100__irregular__0p9__1__post__none,0,4,initial_route,stereo
P6__A__stereo__step__routing__44100__irregular__0p9__1__post__none,44100,0,route,pingpong
P6__A__stereo__step__routing__44100__irregular__0p9__1__post__none,44320,0,route,stereo
P6__A__stereo__step__routing__44100__irregular__0p9__1__post__none,44497,0,route,pingpong
P6__A__stereo__step__routing__48000__1__0p9__1__post__none,0,0,initial_free,0.250
P6__A__stereo__step__routing__48000__1__0p9__1__post__none,0,1,initial_sync_division,1
P6__A__stereo__step__routing__48000__1__0p9__1__post__none,0,2,initial_bpm,120
P6__A__stereo__step__routing__48000__1__0p9__1__post__none,0,3,initial_style,A
P6__A__stereo__step__routing__48000__1__0p9__1__post__none,0,4,initial_route,stereo
P6__A__stereo__step__routing__48000__1__0p9__1__post__none,48000,0,route,pingpong
P6__A__stereo__step__routing__48000__1__0p9__1__post__none,48240,0,route,stereo
P6__A__stereo__step__routing__48000__1__0p9__1__post__none,48432,0,route,pingpong
P6__A__stereo__step__routing__48000__64__0p9__1__post__none,0,0,initial_free,0.250
P6__A__stereo__step__routing__48000__64__0p9__1__post__none,0,1,initial_sync_division,1
P6__A__stereo__step__routing__48000__64__0p9__1__post__none,0,2,initial_bpm,120
P6__A__stereo__step__routing__48000__64__0p9__1__post__none,0,3,initial_style,A
P6__A__stereo__step__routing__48000__64__0p9__1__post__none,0,4,initial_route,stereo
P6__A__stereo__step__routing__48000__64__0p9__1__post__none,48000,0,route,pingpong
P6__A__stereo__step__routing__48000__64__0p9__1__post__none,48240,0,route,stereo
P6__A__stereo__step__routing__48000__64__0p9__1__post__none,48432,0,route,pingpong
P6__A__stereo__step__routing__48000__512__0p9__1__post__none,0,0,initial_free,0.250
P6__A__stereo__step__routing__48000__512__0p9__1__post__none,0,1,initial_sync_division,1
P6__A__stereo__step__routing__48000__512__0p9__1__post__none,0,2,initial_bpm,120
P6__A__stereo__step__routing__48000__512__0p9__1__post__none,0,3,initial_style,A
P6__A__stereo__step__routing__48000__512__0p9__1__post__none,0,4,initial_route,stereo
P6__A__stereo__step__routing__48000__512__0p9__1__post__none,48000,0,route,pingpong
P6__A__stereo__step__routing__48000__512__0p9__1__post__none,48240,0,route,stereo
P6__A__stereo__step__routing__48000__512__0p9__1__post__none,48432,0,route,pingpong
P6__A__stereo__step__routing__48000__irregular__0p9__1__post__none,0,0,initial_free,0.250
P6__A__stereo__step__routing__48000__irregular__0p9__1__post__none,0,1,initial_sync_division,1
P6__A__stereo__step__routing__48000__irregular__0p9__1__post__none,0,2,initial_bpm,120
P6__A__stereo__step__routing__48000__irregular__0p9__1__post__none,0,3,initial_style,A
P6__A__stereo__step__routing__48000__irregular__0p9__1__post__none,0,4,initial_route,stereo
P6__A__stereo__step__routing__48000__irregular__0p9__1__post__none,48000,0,route,pingpong
P6__A__stereo__step__routing__48000__irregular__0p9__1__post__none,48240,0,route,stereo
P6__A__stereo__step__routing__48000__irregular__0p9__1__post__none,48432,0,route,pingpong
P6__A__stereo__step__routing__96000__1__0p9__1__post__none,0,0,initial_free,0.250
P6__A__stereo__step__routing__96000__1__0p9__1__post__none,0,1,initial_sync_division,1
P6__A__stereo__step__routing__96000__1__0p9__1__post__none,0,2,initial_bpm,120
P6__A__stereo__step__routing__96000__1__0p9__1__post__none,0,3,initial_style,A
P6__A__stereo__step__routing__96000__1__0p9__1__post__none,0,4,initial_route,stereo
P6__A__stereo__step__routing__96000__1__0p9__1__post__none,96000,0,route,pingpong
P6__A__stereo__step__routing__96000__1__0p9__1__post__none,96480,0,route,stereo
P6__A__stereo__step__routing__96000__1__0p9__1__post__none,96864,0,route,pingpong
P6__A__stereo__step__routing__96000__64__0p9__1__post__none,0,0,initial_free,0.250
P6__A__stereo__step__routing__96000__64__0p9__1__post__none,0,1,initial_sync_division,1
P6__A__stereo__step__routing__96000__64__0p9__1__post__none,0,2,initial_bpm,120
P6__A__stereo__step__routing__96000__64__0p9__1__post__none,0,3,initial_style,A
P6__A__stereo__step__routing__96000__64__0p9__1__post__none,0,4,initial_route,stereo
P6__A__stereo__step__routing__96000__64__0p9__1__post__none,96000,0,route,pingpong
P6__A__stereo__step__routing__96000__64__0p9__1__post__none,96480,0,route,stereo
P6__A__stereo__step__routing__96000__64__0p9__1__post__none,96864,0,route,pingpong
P6__A__stereo__step__routing__96000__512__0p9__1__post__none,0,0,initial_free,0.250
P6__A__stereo__step__routing__96000__512__0p9__1__post__none,0,1,initial_sync_division,1
P6__A__stereo__step__routing__96000__512__0p9__1__post__none,0,2,initial_bpm,120
P6__A__stereo__step__routing__96000__512__0p9__1__post__none,0,3,initial_style,A
P6__A__stereo__step__routing__96000__512__0p9__1__post__none,0,4,initial_route,stereo
P6__A__stereo__step__routing__96000__512__0p9__1__post__none,96000,0,route,pingpong
P6__A__stereo__step__routing__96000__512__0p9__1__post__none,96480,0,route,stereo
P6__A__stereo__step__routing__96000__512__0p9__1__post__none,96864,0,route,pingpong
P6__A__stereo__step__routing__96000__irregular__0p9__1__post__none,0,0,initial_free,0.250
P6__A__stereo__step__routing__96000__irregular__0p9__1__post__none,0,1,initial_sync_division,1
P6__A__stereo__step__routing__96000__irregular__0p9__1__post__none,0,2,initial_bpm,120
P6__A__stereo__step__routing__96000__irregular__0p9__1__post__none,0,3,initial_style,A
P6__A__stereo__step__routing__96000__irregular__0p9__1__post__none,0,4,initial_route,stereo
P6__A__stereo__step__routing__96000__irregular__0p9__1__post__none,96000,0,route,pingpong
P6__A__stereo__step__routing__96000__irregular__0p9__1__post__none,96480,0,route,stereo
P6__A__stereo__step__routing__96000__irregular__0p9__1__post__none,96864,0,route,pingpong
P7__A__stereo__sine__retarget__48000__irregular__0__1__post__none,0,0,initial_free,0.250
P7__A__stereo__sine__retarget__48000__irregular__0__1__post__none,0,1,initial_sync_division,1
P7__A__stereo__sine__retarget__48000__irregular__0__1__post__none,0,2,initial_bpm,120
P7__A__stereo__sine__retarget__48000__irregular__0__1__post__none,0,3,initial_style,A
P7__A__stereo__sine__retarget__48000__irregular__0__1__post__none,0,4,initial_route,stereo
P7__A__stereo__sine__retarget__48000__irregular__0__1__post__none,48000,0,free,0.375
P7__A__stereo__sine__retarget__48000__irregular__0__1__post__none,48240,0,free,0.125
P7__A__stereo__sine__retarget__48000__irregular__0__1__post__none,48432,0,free,0.300
P7__A__pingpong__sine__retarget__48000__irregular__0__1__post__none,0,0,initial_free,0.250
P7__A__pingpong__sine__retarget__48000__irregular__0__1__post__none,0,1,initial_sync_division,1
P7__A__pingpong__sine__retarget__48000__irregular__0__1__post__none,0,2,initial_bpm,120
P7__A__pingpong__sine__retarget__48000__irregular__0__1__post__none,0,3,initial_style,A
P7__A__pingpong__sine__retarget__48000__irregular__0__1__post__none,0,4,initial_route,pingpong
P7__A__pingpong__sine__retarget__48000__irregular__0__1__post__none,48000,0,free,0.375
P7__A__pingpong__sine__retarget__48000__irregular__0__1__post__none,48240,0,free,0.125
P7__A__pingpong__sine__retarget__48000__irregular__0__1__post__none,48432,0,free,0.300
P7__B__stereo__sine__retarget__48000__irregular__0__1__post__none,0,0,initial_free,0.250
P7__B__stereo__sine__retarget__48000__irregular__0__1__post__none,0,1,initial_sync_division,1
P7__B__stereo__sine__retarget__48000__irregular__0__1__post__none,0,2,initial_bpm,120
P7__B__stereo__sine__retarget__48000__irregular__0__1__post__none,0,3,initial_style,B
P7__B__stereo__sine__retarget__48000__irregular__0__1__post__none,0,4,initial_route,stereo
P7__B__stereo__sine__retarget__48000__irregular__0__1__post__none,48000,0,free,0.375
P7__B__stereo__sine__retarget__48000__irregular__0__1__post__none,48240,0,free,0.125
P7__B__stereo__sine__retarget__48000__irregular__0__1__post__none,48432,0,free,0.300
P7__B__pingpong__sine__retarget__48000__irregular__0__1__post__none,0,0,initial_free,0.250
P7__B__pingpong__sine__retarget__48000__irregular__0__1__post__none,0,1,initial_sync_division,1
P7__B__pingpong__sine__retarget__48000__irregular__0__1__post__none,0,2,initial_bpm,120
P7__B__pingpong__sine__retarget__48000__irregular__0__1__post__none,0,3,initial_style,B
P7__B__pingpong__sine__retarget__48000__irregular__0__1__post__none,0,4,initial_route,pingpong
P7__B__pingpong__sine__retarget__48000__irregular__0__1__post__none,48000,0,free,0.375
P7__B__pingpong__sine__retarget__48000__irregular__0__1__post__none,48240,0,free,0.125
P7__B__pingpong__sine__retarget__48000__irregular__0__1__post__none,48432,0,free,0.300
P7__C__stereo__sine__retarget__48000__irregular__0__1__post__none,0,0,initial_free,0.250
P7__C__stereo__sine__retarget__48000__irregular__0__1__post__none,0,1,initial_sync_division,1
P7__C__stereo__sine__retarget__48000__irregular__0__1__post__none,0,2,initial_bpm,120
P7__C__stereo__sine__retarget__48000__irregular__0__1__post__none,0,3,initial_style,C
P7__C__stereo__sine__retarget__48000__irregular__0__1__post__none,0,4,initial_route,stereo
P7__C__stereo__sine__retarget__48000__irregular__0__1__post__none,48000,0,free,0.375
P7__C__stereo__sine__retarget__48000__irregular__0__1__post__none,48240,0,free,0.125
P7__C__stereo__sine__retarget__48000__irregular__0__1__post__none,48432,0,free,0.300
P7__C__pingpong__sine__retarget__48000__irregular__0__1__post__none,0,0,initial_free,0.250
P7__C__pingpong__sine__retarget__48000__irregular__0__1__post__none,0,1,initial_sync_division,1
P7__C__pingpong__sine__retarget__48000__irregular__0__1__post__none,0,2,initial_bpm,120
P7__C__pingpong__sine__retarget__48000__irregular__0__1__post__none,0,3,initial_style,C
P7__C__pingpong__sine__retarget__48000__irregular__0__1__post__none,0,4,initial_route,pingpong
P7__C__pingpong__sine__retarget__48000__irregular__0__1__post__none,48000,0,free,0.375
P7__C__pingpong__sine__retarget__48000__irregular__0__1__post__none,48240,0,free,0.125
P7__C__pingpong__sine__retarget__48000__irregular__0__1__post__none,48432,0,free,0.300
P8__A__stereo__impulse_center__static__48000__64__0__1__post__none,0,0,initial_free,0.250
P8__A__stereo__impulse_center__static__48000__64__0__1__post__none,0,1,initial_sync_division,1
P8__A__stereo__impulse_center__static__48000__64__0__1__post__none,0,2,initial_bpm,120
P8__A__stereo__impulse_center__static__48000__64__0__1__post__none,0,3,initial_style,A
P8__A__stereo__impulse_center__static__48000__64__0__1__post__none,0,4,initial_route,stereo
P8__A__stereo__impulse_center__static__48000__64__0p5__1__post__none,0,0,initial_free,0.250
P8__A__stereo__impulse_center__static__48000__64__0p5__1__post__none,0,1,initial_sync_division,1
P8__A__stereo__impulse_center__static__48000__64__0p5__1__post__none,0,2,initial_bpm,120
P8__A__stereo__impulse_center__static__48000__64__0p5__1__post__none,0,3,initial_style,A
P8__A__stereo__impulse_center__static__48000__64__0p5__1__post__none,0,4,initial_route,stereo
P8__A__stereo__impulse_center__static__48000__64__0p9__1__post__none,0,0,initial_free,0.250
P8__A__stereo__impulse_center__static__48000__64__0p9__1__post__none,0,1,initial_sync_division,1
P8__A__stereo__impulse_center__static__48000__64__0p9__1__post__none,0,2,initial_bpm,120
P8__A__stereo__impulse_center__static__48000__64__0p9__1__post__none,0,3,initial_style,A
P8__A__stereo__impulse_center__static__48000__64__0p9__1__post__none,0,4,initial_route,stereo
P8__A__pingpong__impulse_center__static__48000__64__0__1__post__none,0,0,initial_free,0.250
P8__A__pingpong__impulse_center__static__48000__64__0__1__post__none,0,1,initial_sync_division,1
P8__A__pingpong__impulse_center__static__48000__64__0__1__post__none,0,2,initial_bpm,120
P8__A__pingpong__impulse_center__static__48000__64__0__1__post__none,0,3,initial_style,A
P8__A__pingpong__impulse_center__static__48000__64__0__1__post__none,0,4,initial_route,pingpong
P8__A__pingpong__impulse_center__static__48000__64__0p5__1__post__none,0,0,initial_free,0.250
P8__A__pingpong__impulse_center__static__48000__64__0p5__1__post__none,0,1,initial_sync_division,1
P8__A__pingpong__impulse_center__static__48000__64__0p5__1__post__none,0,2,initial_bpm,120
P8__A__pingpong__impulse_center__static__48000__64__0p5__1__post__none,0,3,initial_style,A
P8__A__pingpong__impulse_center__static__48000__64__0p5__1__post__none,0,4,initial_route,pingpong
P8__A__pingpong__impulse_center__static__48000__64__0p9__1__post__none,0,0,initial_free,0.250
P8__A__pingpong__impulse_center__static__48000__64__0p9__1__post__none,0,1,initial_sync_division,1
P8__A__pingpong__impulse_center__static__48000__64__0p9__1__post__none,0,2,initial_bpm,120
P8__A__pingpong__impulse_center__static__48000__64__0p9__1__post__none,0,3,initial_style,A
P8__A__pingpong__impulse_center__static__48000__64__0p9__1__post__none,0,4,initial_route,pingpong
P9__A__stereo__sine__motion__44100__1__0__1__post__none,0,0,initial_free,0.250
P9__A__stereo__sine__motion__44100__1__0__1__post__none,0,1,initial_sync_division,1
P9__A__stereo__sine__motion__44100__1__0__1__post__none,0,2,initial_bpm,120
P9__A__stereo__sine__motion__44100__1__0__1__post__none,0,3,initial_style,A
P9__A__stereo__sine__motion__44100__1__0__1__post__none,0,4,initial_route,stereo
P9__A__stereo__sine__motion__44100__1__0__1__post__none,44100,0,motion,ramp_0.250_to_0.275_until_1.500
P9__A__stereo__sine__motion__44100__1__0__1__post__none,66150,0,motion,hold_0.275
P9__A__stereo__sine__motion__44100__64__0__1__post__none,0,0,initial_free,0.250
P9__A__stereo__sine__motion__44100__64__0__1__post__none,0,1,initial_sync_division,1
P9__A__stereo__sine__motion__44100__64__0__1__post__none,0,2,initial_bpm,120
P9__A__stereo__sine__motion__44100__64__0__1__post__none,0,3,initial_style,A
P9__A__stereo__sine__motion__44100__64__0__1__post__none,0,4,initial_route,stereo
P9__A__stereo__sine__motion__44100__64__0__1__post__none,44100,0,motion,ramp_0.250_to_0.275_until_1.500
P9__A__stereo__sine__motion__44100__64__0__1__post__none,66150,0,motion,hold_0.275
P9__A__stereo__sine__motion__44100__512__0__1__post__none,0,0,initial_free,0.250
P9__A__stereo__sine__motion__44100__512__0__1__post__none,0,1,initial_sync_division,1
P9__A__stereo__sine__motion__44100__512__0__1__post__none,0,2,initial_bpm,120
P9__A__stereo__sine__motion__44100__512__0__1__post__none,0,3,initial_style,A
P9__A__stereo__sine__motion__44100__512__0__1__post__none,0,4,initial_route,stereo
P9__A__stereo__sine__motion__44100__512__0__1__post__none,44100,0,motion,ramp_0.250_to_0.275_until_1.500
P9__A__stereo__sine__motion__44100__512__0__1__post__none,66150,0,motion,hold_0.275
P9__A__stereo__sine__motion__44100__irregular__0__1__post__none,0,0,initial_free,0.250
P9__A__stereo__sine__motion__44100__irregular__0__1__post__none,0,1,initial_sync_division,1
P9__A__stereo__sine__motion__44100__irregular__0__1__post__none,0,2,initial_bpm,120
P9__A__stereo__sine__motion__44100__irregular__0__1__post__none,0,3,initial_style,A
P9__A__stereo__sine__motion__44100__irregular__0__1__post__none,0,4,initial_route,stereo
P9__A__stereo__sine__motion__44100__irregular__0__1__post__none,44100,0,motion,ramp_0.250_to_0.275_until_1.500
P9__A__stereo__sine__motion__44100__irregular__0__1__post__none,66150,0,motion,hold_0.275
P9__A__stereo__sine__motion__48000__1__0__1__post__none,0,0,initial_free,0.250
P9__A__stereo__sine__motion__48000__1__0__1__post__none,0,1,initial_sync_division,1
P9__A__stereo__sine__motion__48000__1__0__1__post__none,0,2,initial_bpm,120
P9__A__stereo__sine__motion__48000__1__0__1__post__none,0,3,initial_style,A
P9__A__stereo__sine__motion__48000__1__0__1__post__none,0,4,initial_route,stereo
P9__A__stereo__sine__motion__48000__1__0__1__post__none,48000,0,motion,ramp_0.250_to_0.275_until_1.500
P9__A__stereo__sine__motion__48000__1__0__1__post__none,72000,0,motion,hold_0.275
P9__A__stereo__sine__motion__48000__64__0__1__post__none,0,0,initial_free,0.250
P9__A__stereo__sine__motion__48000__64__0__1__post__none,0,1,initial_sync_division,1
P9__A__stereo__sine__motion__48000__64__0__1__post__none,0,2,initial_bpm,120
P9__A__stereo__sine__motion__48000__64__0__1__post__none,0,3,initial_style,A
P9__A__stereo__sine__motion__48000__64__0__1__post__none,0,4,initial_route,stereo
P9__A__stereo__sine__motion__48000__64__0__1__post__none,48000,0,motion,ramp_0.250_to_0.275_until_1.500
P9__A__stereo__sine__motion__48000__64__0__1__post__none,72000,0,motion,hold_0.275
P9__A__stereo__sine__motion__48000__512__0__1__post__none,0,0,initial_free,0.250
P9__A__stereo__sine__motion__48000__512__0__1__post__none,0,1,initial_sync_division,1
P9__A__stereo__sine__motion__48000__512__0__1__post__none,0,2,initial_bpm,120
P9__A__stereo__sine__motion__48000__512__0__1__post__none,0,3,initial_style,A
P9__A__stereo__sine__motion__48000__512__0__1__post__none,0,4,initial_route,stereo
P9__A__stereo__sine__motion__48000__512__0__1__post__none,48000,0,motion,ramp_0.250_to_0.275_until_1.500
P9__A__stereo__sine__motion__48000__512__0__1__post__none,72000,0,motion,hold_0.275
P9__A__stereo__sine__motion__48000__irregular__0__1__post__none,0,0,initial_free,0.250
P9__A__stereo__sine__motion__48000__irregular__0__1__post__none,0,1,initial_sync_division,1
P9__A__stereo__sine__motion__48000__irregular__0__1__post__none,0,2,initial_bpm,120
P9__A__stereo__sine__motion__48000__irregular__0__1__post__none,0,3,initial_style,A
P9__A__stereo__sine__motion__48000__irregular__0__1__post__none,0,4,initial_route,stereo
P9__A__stereo__sine__motion__48000__irregular__0__1__post__none,48000,0,motion,ramp_0.250_to_0.275_until_1.500
P9__A__stereo__sine__motion__48000__irregular__0__1__post__none,72000,0,motion,hold_0.275
P9__A__stereo__sine__motion__96000__1__0__1__post__none,0,0,initial_free,0.250
P9__A__stereo__sine__motion__96000__1__0__1__post__none,0,1,initial_sync_division,1
P9__A__stereo__sine__motion__96000__1__0__1__post__none,0,2,initial_bpm,120
P9__A__stereo__sine__motion__96000__1__0__1__post__none,0,3,initial_style,A
P9__A__stereo__sine__motion__96000__1__0__1__post__none,0,4,initial_route,stereo
P9__A__stereo__sine__motion__96000__1__0__1__post__none,96000,0,motion,ramp_0.250_to_0.275_until_1.500
P9__A__stereo__sine__motion__96000__1__0__1__post__none,144000,0,motion,hold_0.275
P9__A__stereo__sine__motion__96000__64__0__1__post__none,0,0,initial_free,0.250
P9__A__stereo__sine__motion__96000__64__0__1__post__none,0,1,initial_sync_division,1
P9__A__stereo__sine__motion__96000__64__0__1__post__none,0,2,initial_bpm,120
P9__A__stereo__sine__motion__96000__64__0__1__post__none,0,3,initial_style,A
P9__A__stereo__sine__motion__96000__64__0__1__post__none,0,4,initial_route,stereo
P9__A__stereo__sine__motion__96000__64__0__1__post__none,96000,0,motion,ramp_0.250_to_0.275_until_1.500
P9__A__stereo__sine__motion__96000__64__0__1__post__none,144000,0,motion,hold_0.275
P9__A__stereo__sine__motion__96000__512__0__1__post__none,0,0,initial_free,0.250
P9__A__stereo__sine__motion__96000__512__0__1__post__none,0,1,initial_sync_division,1
P9__A__stereo__sine__motion__96000__512__0__1__post__none,0,2,initial_bpm,120
P9__A__stereo__sine__motion__96000__512__0__1__post__none,0,3,initial_style,A
P9__A__stereo__sine__motion__96000__512__0__1__post__none,0,4,initial_route,stereo
P9__A__stereo__sine__motion__96000__512__0__1__post__none,96000,0,motion,ramp_0.250_to_0.275_until_1.500
P9__A__stereo__sine__motion__96000__512__0__1__post__none,144000,0,motion,hold_0.275
P9__A__stereo__sine__motion__96000__irregular__0__1__post__none,0,0,initial_free,0.250
P9__A__stereo__sine__motion__96000__irregular__0__1__post__none,0,1,initial_sync_division,1
P9__A__stereo__sine__motion__96000__irregular__0__1__post__none,0,2,initial_bpm,120
P9__A__stereo__sine__motion__96000__irregular__0__1__post__none,0,3,initial_style,A
P9__A__stereo__sine__motion__96000__irregular__0__1__post__none,0,4,initial_route,stereo
P9__A__stereo__sine__motion__96000__irregular__0__1__post__none,96000,0,motion,ramp_0.250_to_0.275_until_1.500
P9__A__stereo__sine__motion__96000__irregular__0__1__post__none,144000,0,motion,hold_0.275
P10__A__stereo__pluck__retarget__48000__irregular__0p5__1__post__none,0,0,initial_free,0.250
P10__A__stereo__pluck__retarget__48000__irregular__0p5__1__post__none,0,1,initial_sync_division,1
P10__A__stereo__pluck__retarget__48000__irregular__0p5__1__post__none,0,2,initial_bpm,120
P10__A__stereo__pluck__retarget__48000__irregular__0p5__1__post__none,0,3,initial_style,A
P10__A__stereo__pluck__retarget__48000__irregular__0p5__1__post__none,0,4,initial_route,stereo
P10__A__stereo__pluck__retarget__48000__irregular__0p5__1__post__none,48000,0,free,0.375
P10__A__stereo__pluck__retarget__48000__irregular__0p5__1__post__none,48240,0,free,0.125
P10__A__stereo__pluck__retarget__48000__irregular__0p5__1__post__none,48432,0,free,0.300
P10__A__pingpong__pluck__retarget__48000__irregular__0p5__1__post__none,0,0,initial_free,0.250
P10__A__pingpong__pluck__retarget__48000__irregular__0p5__1__post__none,0,1,initial_sync_division,1
P10__A__pingpong__pluck__retarget__48000__irregular__0p5__1__post__none,0,2,initial_bpm,120
P10__A__pingpong__pluck__retarget__48000__irregular__0p5__1__post__none,0,3,initial_style,A
P10__A__pingpong__pluck__retarget__48000__irregular__0p5__1__post__none,0,4,initial_route,pingpong
P10__A__pingpong__pluck__retarget__48000__irregular__0p5__1__post__none,48000,0,free,0.375
P10__A__pingpong__pluck__retarget__48000__irregular__0p5__1__post__none,48240,0,free,0.125
P10__A__pingpong__pluck__retarget__48000__irregular__0p5__1__post__none,48432,0,free,0.300
P10__B__stereo__pluck__retarget__48000__irregular__0p5__1__post__none,0,0,initial_free,0.250
P10__B__stereo__pluck__retarget__48000__irregular__0p5__1__post__none,0,1,initial_sync_division,1
P10__B__stereo__pluck__retarget__48000__irregular__0p5__1__post__none,0,2,initial_bpm,120
P10__B__stereo__pluck__retarget__48000__irregular__0p5__1__post__none,0,3,initial_style,B
P10__B__stereo__pluck__retarget__48000__irregular__0p5__1__post__none,0,4,initial_route,stereo
P10__B__stereo__pluck__retarget__48000__irregular__0p5__1__post__none,48000,0,free,0.375
P10__B__stereo__pluck__retarget__48000__irregular__0p5__1__post__none,48240,0,free,0.125
P10__B__stereo__pluck__retarget__48000__irregular__0p5__1__post__none,48432,0,free,0.300
P10__B__pingpong__pluck__retarget__48000__irregular__0p5__1__post__none,0,0,initial_free,0.250
P10__B__pingpong__pluck__retarget__48000__irregular__0p5__1__post__none,0,1,initial_sync_division,1
P10__B__pingpong__pluck__retarget__48000__irregular__0p5__1__post__none,0,2,initial_bpm,120
P10__B__pingpong__pluck__retarget__48000__irregular__0p5__1__post__none,0,3,initial_style,B
P10__B__pingpong__pluck__retarget__48000__irregular__0p5__1__post__none,0,4,initial_route,pingpong
P10__B__pingpong__pluck__retarget__48000__irregular__0p5__1__post__none,48000,0,free,0.375
P10__B__pingpong__pluck__retarget__48000__irregular__0p5__1__post__none,48240,0,free,0.125
P10__B__pingpong__pluck__retarget__48000__irregular__0p5__1__post__none,48432,0,free,0.300
P10__C__stereo__pluck__retarget__48000__irregular__0p5__1__post__none,0,0,initial_free,0.250
P10__C__stereo__pluck__retarget__48000__irregular__0p5__1__post__none,0,1,initial_sync_division,1
P10__C__stereo__pluck__retarget__48000__irregular__0p5__1__post__none,0,2,initial_bpm,120
P10__C__stereo__pluck__retarget__48000__irregular__0p5__1__post__none,0,3,initial_style,C
P10__C__stereo__pluck__retarget__48000__irregular__0p5__1__post__none,0,4,initial_route,stereo
P10__C__stereo__pluck__retarget__48000__irregular__0p5__1__post__none,48000,0,free,0.375
P10__C__stereo__pluck__retarget__48000__irregular__0p5__1__post__none,48240,0,free,0.125
P10__C__stereo__pluck__retarget__48000__irregular__0p5__1__post__none,48432,0,free,0.300
P10__C__pingpong__pluck__retarget__48000__irregular__0p5__1__post__none,0,0,initial_free,0.250
P10__C__pingpong__pluck__retarget__48000__irregular__0p5__1__post__none,0,1,initial_sync_division,1
P10__C__pingpong__pluck__retarget__48000__irregular__0p5__1__post__none,0,2,initial_bpm,120
P10__C__pingpong__pluck__retarget__48000__irregular__0p5__1__post__none,0,3,initial_style,C
P10__C__pingpong__pluck__retarget__48000__irregular__0p5__1__post__none,0,4,initial_route,pingpong
P10__C__pingpong__pluck__retarget__48000__irregular__0p5__1__post__none,48000,0,free,0.375
P10__C__pingpong__pluck__retarget__48000__irregular__0p5__1__post__none,48240,0,free,0.125
P10__C__pingpong__pluck__retarget__48000__irregular__0p5__1__post__none,48432,0,free,0.300
N1__A__pingpong__impulse_center__static__48000__64__0p5__0p5__post__wrong_side,0,0,initial_free,0.250
N1__A__pingpong__impulse_center__static__48000__64__0p5__0p5__post__wrong_side,0,1,initial_sync_division,1
N1__A__pingpong__impulse_center__static__48000__64__0p5__0p5__post__wrong_side,0,2,initial_bpm,120
N1__A__pingpong__impulse_center__static__48000__64__0p5__0p5__post__wrong_side,0,3,initial_style,A
N1__A__pingpong__impulse_center__static__48000__64__0p5__0p5__post__wrong_side,0,4,initial_route,pingpong
N2__A__pingpong__impulse_center__static__48000__64__0p5__0p5__post__off_by_one,0,0,initial_free,0.250
N2__A__pingpong__impulse_center__static__48000__64__0p5__0p5__post__off_by_one,0,1,initial_sync_division,1
N2__A__pingpong__impulse_center__static__48000__64__0p5__0p5__post__off_by_one,0,2,initial_bpm,120
N2__A__pingpong__impulse_center__static__48000__64__0p5__0p5__post__off_by_one,0,3,initial_style,A
N2__A__pingpong__impulse_center__static__48000__64__0p5__0p5__post__off_by_one,0,4,initial_route,pingpong
N3__A__stereo__sine__timing_return__48000__irregular__0p5__1__post__drop_pending,0,0,initial_free,0.250
N3__A__stereo__sine__timing_return__48000__irregular__0p5__1__post__drop_pending,0,1,initial_sync_division,1
N3__A__stereo__sine__timing_return__48000__irregular__0p5__1__post__drop_pending,0,2,initial_bpm,120
N3__A__stereo__sine__timing_return__48000__irregular__0p5__1__post__drop_pending,0,3,initial_style,A
N3__A__stereo__sine__timing_return__48000__irregular__0p5__1__post__drop_pending,0,4,initial_route,stereo
N3__A__stereo__sine__timing_return__48000__irregular__0p5__1__post__drop_pending,48000,0,free,0.375
N3__A__stereo__sine__timing_return__48000__irregular__0p5__1__post__drop_pending,48096,0,free,0.250
N4__A__stereo__sine__timing_repeat__48000__irregular__0p5__1__post__restart_repeat,0,0,initial_free,0.250
N4__A__stereo__sine__timing_repeat__48000__irregular__0p5__1__post__restart_repeat,0,1,initial_sync_division,1
N4__A__stereo__sine__timing_repeat__48000__irregular__0p5__1__post__restart_repeat,0,2,initial_bpm,120
N4__A__stereo__sine__timing_repeat__48000__irregular__0p5__1__post__restart_repeat,0,3,initial_style,A
N4__A__stereo__sine__timing_repeat__48000__irregular__0p5__1__post__restart_repeat,0,4,initial_route,stereo
N4__A__stereo__sine__timing_repeat__48000__irregular__0p5__1__post__restart_repeat,48000,0,free,0.375
N4__A__stereo__sine__timing_repeat__48000__irregular__0p5__1__post__restart_repeat,48096,0,free,0.375
